1;Замок врез. Екатеринбург ЗВ 8-4 2 ригельн.;120;
2;Замок врезной ЗВА-2 1ригел. Екатеринбург;121;
3;Замок врез. Зенит ЗВ 1-2;224;
4;Замок врез. Ижевск ЗВ 8-6А;153;
5;Замок врез. Ижевск ЗВ 8-6А-1;169;
6;Замок врез. Чибис 900;233;
7;Замок врез. Чибис КТК-737;180;
8;Замок врезной Апекс 90-К;239;
9;Замок врезной Зенит ЗВ 4-3,01 золото;432;
10;Замок врезной Зенит ЗВ 4-3,02 белый;421;
11;Замок врезной Зенит ЗВ 4-3,02 медь;438;
12;Замок врезной Рязань ЗВ-1-2/11 3ригеля;359;
13;Замок Корал 350 бронза с ключом;295;
14;Замок Корал 380 золото с ключом 617062;317,5;
15;Замок Корал 390 бронза с ключом 617019;316;
16;Замок Корал 390 графит с ключом 617019;332;
17;Замок Корал 390 золото без ключа 617002;300,5;
18;Замок Корал 6062 золото с ключом 618002;262;
19;Замок Корал 6072 графит без ключа 618694;196;
20;Замок Корал 6072 медь без ключа 618728;189;
21;Замок Корал 6072 медь с ключом 618727;216;
22;Замок Корал 6072 св. дерево/золото б/ключа 618182;237;
23;Замок Корал 6072 св. дерево/золото с ключом 618181;244;
24;Замок Корал 6072 хром без ключа б/фиксатора;172;
25;Замок Корал 6072 хром с ключом 618690;205;
26;Замок Корал 6082 хром без ключа 618791;204;
27;Замок Корал 6092 графит с ключом 618218;210;
28;Замок Корал 762 золото с ключом 617150;300;
29;Замок Корал 764 белый без ключа;235;
30;Замок Корал 764 золото с ключом 617092;317;
31;Замок Корал 764 хром без ключа;296;
32;Замок Корал 891 белый без ключа;301,5;
33;Замок Корал 891 бронза с ключом 617040;316;
34;Замок Корал 891 золото с ключом 617022;306;
35;Замок Корал 891 мат хром с ключом  617003;303;
36;Защелка дверная Зенит;169;
37;Сердцевина 70мм 3кл;62;
38;Сердцевина д/замка 3 ключа;47;
39;Сердцевина д/замка 60мм 6кл-кл;72;
40;Навесные;;
41;Замок велосип.;67;
42;Замок велосипед. кодовый;145;
43;Замок контрольный ВС-5(Зенит);62,5;
44;Замок круглый;120;
45;Замок навесной Апекс длин. душка;54;
46;Замок навесн. Апекс 125 длиная душка;99;
47;Замок навесн. Апекс 126 длиная душка;147;
48;Замок навесн. Апекс 01-25;24,5;
49;Замок навесн. Апекс МВС 123;38;
50;Замок навесн. Апекс МВС 124;51;
51;Замок навесн. Апекс МВС 127/24*;177;
52;Замок навесн. кодовый;22;
53;"Замок навесной 50""";42,5;
54;"Замок навесной 60""";51,5;
55;"Замок навесной 60"" короткая душка";58;
56;Замок навесной 60мм Ермак 468045;69;
57;"Замок навесной 70""";72,4;
58;"Замок навесной серый 80""";83;
59;Замок навесной 80мм Ермак 468047;104;
60;Замок навесной Extra 60мм;58;
61;Замок навесной Extra 90 мм;96;
62;"Замок навесной 50"" бронь";52,3;
63;"Замок навесной бронь 60"" короткая дужка";66;
64;"Замок навесной бронь 60""";56;
65;"Замок навесной 70""бронь";77;
66;"Замок навесной 80"" бронь";108;
67;Замок навесной всепогодный 63мм;220;
68;Замок навесн. гаражн. О80 468006;147;
69;Замок навесной гаражный 468039;169;
70;"Замок навесной гаражный 80"" 468036";120;
71;"Замок навесной гаражный 80"" 468548";122;
72;"Замок навесной гаражный О75""";107;
73;Замок навесной ЗВС - 2 Елизарово(амбарный);137;
74;Замок навесной овал 50мм;64;
75;Замок навесной овал 60мм;79;
76;Замок навесной овал 70мм;96;
77;Замок навесной ЧАЗ ВС 2-М1-02/18*;205;
78;Замок навесной ЧАЗ ВС-2-А 30167;192,5;
79;Замок навесной ЧАЗ ВС-2-М1 30116;174;
80;Замок навесной ЧАЗ ВС-2-М1-01 30117;192;
81;Замок навесной чёрный 40мм 468054;28;
82;Замок навесной чёрный 50мм /10* 468057;36,5;
83;"Замок навесной чёрный 55"" 468059";41,5;
84;Замок навесной чёрный 60 мм/10 468197;65;
85;Замок навесной чёрный 70 мм/6*;103;
86;Замок навесной чёрный 80мм /6* 468202;124;
87;Замок навесной Чибис 002/2204 40мм чугун;36;
88;Замок навесной Чибис 363 32мм;32;
89;Замок навесной Чибис 364 38мм;39,5;
90;Замок навесной Чибис 365 50мм;74;
91;Замок навесной Чибис 366 63мм;104;
92;Замок навесной Чибис 367 75мм;147,5;
93;Накладные;;
94;Замок накл. Эльбор Кремень 1,04,51,5;476;
95;Замок наклад. ЗН-1-1 (Глазов) /24*;297;
96;Замок наклад. ЗН-1-1,2 (Глазов) /24*;288;
97;Замок накладной ЗЕНИТ ЗН-1-6 (медь) Дмитровград;247;
98;Замок накладной Пенза ЗН-1-5 2риг;475;
99;Замок накладной Рязань ЗНД-1А;297;
100;Замок накладной ЧИБИС 603-2 2риг.;269;
101;Инструмент;;
102;Круги отрезные;;
103;Брусок двустор. 200мм;19,5;
104;Брусок лодочка 225мм;14;
105;Брусок лодочка 35*15*225;22;
106;Брусок с зажимом;80;
107;Диск алмазный 115*22,2 турбо;59;
108;Диск алмазный 125*22,5мм турбо;67;
109;Диск алмазный 150*22,2мм турбо;111,5;
110;Диск алмазный 180*22,2мм турбо;158;
111;Диск алмазный 230*22 турбо;232;
112;Диск алмазный сегментный 180*22,2мм;147;
113;Диск лепестковый торц. 22*115;28;
114;Диск лепестковый торц. 22*150мм;49;
115;Диск лепестковый торц. 22*180;64;
116;Круг зачистной 115х6х22мм по металлу (Луга);25;
117;Круг зачистной 125мм по металлу;28,5;
118;Круг зачистной 150*6*22 по металлу;36,5;
119;Круг зачистной 180х6х22мм по металлу;42;
120;Круг зачистной 230х6х22мм по металлу (Луга);59;
121;Круг Луга 125*2,5*22 камень;15;
122;Круг Луга 150*2,5*22мм камень;18;
123;Круг Луга 180*2,5*22 камень;24;
124;Круг Луга 200*2,5*22 камень;29;
125;Круг Луга 230*2,5*22 камень;33,5;
126;Круг Луга сталь 115*1,0*22;9,6;
127;Круг Луга сталь 115*1,2*22/50*;10;
128;Круг Луга сталь 115*2,5*22 /25*;12;
129;Круг Луга сталь 125*1,0*22;10,5;
130;Круг Луга сталь 125*1,2*22/50*;11;
131;Круг Луга сталь 125*1,6*22;11,5;
132;Круг Луга сталь 125*2,5*22 /25*;13,5;
133;Круг Луга сталь 150*1,2*22;14;
134;Круг Луга сталь 150*1,6*22;14,5;
135;Круг Луга сталь 150*2,5*22 /25*;17;
136;Круг Луга сталь 180*1,6*22,2;19,5;
137;Круг Луга сталь 180*2,5*22 /25*;22;
138;Круг Луга сталь 200*2,5*22 /25*;26,5;
139;Круг Луга сталь 230*1,6*22;27;
140;Круг Луга сталь 230*2,5*22 /25*;29;
141;Круг Луга сталь 300*3,0*32;55;
142;Круг отрезной Ермак 115*2,5*22;9,5;
143;Круг отрезной Ермак 230*2,5*22;28,5;
144;Круг шлифовальный 125х20х32 (Луга);81,5;
145;Круг шлифовальный 150х20х32 (Луга);104,5;
146;Круг шлифовальный 175х20х32 (Луга);130;
147;Круг шлифовальный 200х20х32 (Луга);160;
148;Чашка конусная 150*50*32 40см;95;
149;Шлиф круг под липучку 125мм 10шт;60;
150;Шлиф круг резин. с липучкой 125мм;40;
151;Шлиф-лента 75*533 120;116;
152;Шлифлист №10;91;
153;Шлифлист №20;100;
154;Шлифлист №32;106;
155;Шлифлист №4;91;
156;Шлифлист №50;107;
157;Шлифлист №6;91;
158;Шлифсетка;45;
159;Ножовки;;
160;"Ножовка по дереву ""Ермак"" 1В 500мм зуб 5мм заточ.";148;
161;Ножовка по дереву 350мм Ермак зуб 5мм;72;
162;"Ножовка по дереву ""Ермак"" 400мм зуб 4мм 663379";141;
163;"Ножовка по дереву ""Ермак"" 400мм зуб 5мм";75;
164;"Ножовка по дереву ""Ермак"" 400мм, зуб 8мм. 663846";123;
165;"Ножовка по дереву ""Ермак"" 450мм зуб 5мм";73;
166;Ножовка по дереву 500мм д/сырой древ. 663016;157;
167;Ножовка по дереву Ермак 500мм зуб 5мм заточ;148;
168;"Ножовка по дереву ""Ермак"" 500мм, зуб 8мм.";90,5;
169;"Ножовка по дереву ""Ермак"" ЗА 350мм зуб 8мм";89;
170;"Ножовка по дереву ""Ермак"" ЗА 400мм зуб 8мм 663848";85,5;
171;"Ножовка по дереву ""Ермак"" ЗА 500мм 8мм";105;
172;Ножовка по дереву 600мм 12мм;243;
173;Ножовка по дереву Ермак 500мм закал. зуб 663384;153;
174;Ножовка по дереву 300 мм зуб 4мм Ижсталь;84,5;
175;Ножовка по дереву 400 мм Ижсталь 4мм;121;
176;Ножовка по дереву Ижсталь с 3-мя полотнами;155;
177;Ножовка по металлу 400мм с желт. ручкой;71;
178;Ножовка по металлу мастер;127,5;
179;Ножовка по металлу профи+2 полотна;220;
180;Отвертки;;
181;Набор отверток 4пр Ермак 9991;152;
182;Набор отверток 5пр.;252;
183;Набор отверток 6пр. Ермак;253;
184;Набор отверток 6пр мини;71;
185;Набор отверток диэлектрических 3 пр.;75;
186;Набор отверток Ермак 4пр. 9986;142;
187;Набор отверток Ермак 4пр. 9988;145;
188;Набор отверток под ключ 6пр. 9985-3;273;
189;Набор отверток часовых 11пр;45;
190;Набор отверток часовых бол.;21,5;
191;Отвертка 1*150мм Matrix(-);26;
192;"Отвертка 2-х стор.""ЕРМАК"" 3х50";11;
193;"Отвертка 2-х стор.""ЕРМАК"" 5х65 /12*";16;
194;Отвертка 2-х сторон 6*38;15;
195;"Отвертка 2-х стор.""ЕРМАК"" 6х75 /12*";21;
196;Отвертка 3,0*75 мм Matrix (-);18;
197;Отвертка  5*125(-)/12*;14;
198;Отвертка 5*125(+)/12*;14;
199;Отвертка 5*150 бибер;30;
200;Отвертка 6 насадок в ручке магнитная;52;
201;Отвертка Ермак 4*75мм(-);27;
202;Отвертка Ермак 4*75мм(+);27;
203;Отвертка Ермак 4*100 мм (-);16;
204;Отвертка Ермак 5*100 (-);24;
205;Отвертка Ермак 5*100 (+);24;
206;Отвертка Ермак 5*150 (-);20;
207;Отвертка Ермак 5*150 (+);20;
208;Отвертка Ермак 5*200мм (+);22;
209;Отвертка Ермак 5*200мм(-)/12*;22;
210;Отвертка Ермак 6*100 (-);21;
211;Отвертка Ермак 6*100 (+);21;
212;Отвертка Ермак 6*150 (+);24,5;
213;Отвертка Ермак 6*150мм (-)/12*;24;
214;Отвертка Ермак 8*150 (+);32;
215;Отвертка Ермак 8*150мм (-);32;
216;Отвертка Ермак 8*200мм (-);29,5;
217;Отвертка Ермак комбинированная 6*150;48;
218;Отвертка многофункц. 23 пр.;170;
219;Отвертка под ключ 6*150мм;49;
220;Отвертка пробник 100-500В;12;
221;Отвертка-пробник 12-220В с жидкокристалл. дисплеем.;41;
222;Отвертка с набором бит 31пр;175;
223;Отвертка Т- образная;54;
224;Отвертка ударная;166,5;
225;Сверла;;
226;"Биты ""Matrix"" 6шт+магнитн. держатель";55;
227;Биты;75;
228;Биты №1;40;
229;Биты №2;35;
230;Биты Ермак 18пр 657008;252;
231;Бур Ермак 10*210мм;37;
232;Бур 10*250/310мм;40;
233;Бур 10*460;72;
234;Бур Ермак SDS-Plus D10x160мм;32,3;
235;Бур Ермак SDS-PLUS D10x260мм;48;
236;Бур 12*210мм;39,5;
237;Бур 12*600;118;
238;Бур 14*210мм;45;
239;Бур 14*260;52;
240;Бур 14*310 мм;61;
241;Бур 14*410мм;82;
242;Бур 16*400мм;145;
243;Бур 16*800;250;
244;Бур 18*600мм;159;
245;Бур 22*600;359;
246;Бур 4*110мм;18,2;
247;Бур 5*160мм;24;
248;Бур Ермак SDS-PLUS D6*160 мм;21,5;
249;Бур 6*210мм;29;
250;Бур 6*260мм;38;
251;Бур Ермак SDS-PLUS D 6*50/110мм;23;
252;Бур 8*110мм;23,15;
253;Бур Ермак SDS-PLUS D8*160мм.;25,5;
254;Бур 8*210мм;34;
255;Бур 8*260;34,5;
256;Бур матрикс 14*150мм;39;
257;Бур матрикс 6*210мм;38,7;
258;Бур матрикс 8*210мм;36,5;
259;Набор сверл 19пр;297;
260;Набор сверл 2-8;122;
261;Набор сверл нитридт. по металлу 3-4-5-6-8;91;
262;Набор сверл перьевых 6пр.;67;
263;Набор сверл по комбинир 4-5-6-8-10мм 5шт;85;
264;Набор сверл Форстнера 15-35мм;276;
265;Насадка д/кровельных саморезов 10мм;95;
266;Насадка д/кровельных саморезов 8мм;100;
267;Сверло по бет. 10*120мм;10,5;
268;Сверло по бет. 12х150 ЕРМАК;22,5;
269;Сверло по бет. 5*85мм Ермак;11;
270;Сверло по бет. 6*100 Ермак;11,5;
271;Сверло по бет. 6х200 мм ЕРМАК;17;
272;Сверло по бет. 8*120мм Ермак;21;
273;Сверло по бетону 12*150мм;82;
274;Сверло по бетону голден 12*150мм;51;
275;Сверло по бетону голден 4*75мм;15;
276;Сверло по бетону голден 5*85мм;18;
277;Сверло по бетону голден 8*120мм;30;
278;Сверло по дереву 28*152мм;25;
279;Сверло по керамике и стеклу 10мм;42,5;
280;Сверло по керамике и стеклу 4мм;37;
281;Сверло по керамике и стеклу 5мм;38;
282;Сверло по керамике и стеклу 6мм;32;
283;Сверло по керамике и стеклу 8мм;29;
284;Сверло по мет. 1,0мм/10*;41;
285;Сверло по мет. 1,5мм/10*;41;
286;Сверло по мет. 10мм;148;
287;Сверло по мет. 12мм/5*;199;
288;Сверло по мет. 2,0мм/10*;42;
289;Сверло по мет. 2,5мм/10*;50;
290;Сверло по мет. 3,0мм/10*;50;
291;Сверло по мет. 3,2мм/10*;55;
292;Сверло по мет. 3,8мм/10*;65;
293;Сверло по мет. 4,0мм/10*;65;
294;Сверло по мет. 4,2мм/10*;65;
295;Сверло по мет. 4,5мм/10*;76;
296;Сверло по мет. 4,8мм/10*;80;
297;Сверло по мет. 5,0мм/10*;85;
298;Сверло по мет. 5,5мм/10*;85;
299;Сверло по мет. 6,0мм/10*;100;
300;Сверло по мет. 6,5мм/10*;103;
301;Сверло по мет. 7,0мм/10*;120;
302;Сверло по мет. 7,5мм/10*;125;
303;Сверло по мет. 8,5мм/5*;90;
304;Сверло по мет. 9,0мм/5*;114;
305;Сверло по мет. 9,5мм/5*;118;
306;Сверло по металлу Ермак 1,5мм/10*;35;
307;"Сверло по металлу ""Ермак"" 10мм/5*";145;
308;Сверло по металлу Ермак 2,0мм/10*;40;
309;Сверло по металлу Ермак 2,5мм /10*;40;
310;"Сверло по металлу ""Ермак"" 3мм";50;
311;"Сверло по металлу ""Ермак"" 3,2мм /10*";50;
312;"Сверло по металлу ""Ермак"" 3,5мм/10*";55;
313;"Сверло по металлу ""Ермак"" 4,0мм /10*";60;
314;Сверло по металлу Ермак 4,2мм/10*;75;
315;"Сверло по металлу ""Ермак"" 5,0мм/10*";80;
316;"Сверло по металлу ""Ермак"" 6,0мм /10*";110;
317;"Сверло по металлу ""Ермак"" 6,5мм /10*";100;
318;"Сверло по металлу ""Ермак"" 7,0мм /10*";135;
319;"Сверло по металлу ""Ермак"" 7,5мм /10*";125;
320;Сверло по металлу Ермак  8мм/;60;
321;"Сверло по металлу ""Ермак"" 8,5мм /5*";82,5;
322;"Сверло по металлу ""Ермак"" 9мм/5*";107,5;
323;"Сверло по металлу ""Ермак"" 9,5мм /5*";80;
324;Инструмент;;
325;Вставка плавкая 10А/200*;2;
326;Гвозди декоративные усилен. медь;23,5;
327;Гвозди декоративные усилен.(бронза);23,5;
328;Гвозди декоративные усилен.(Золото);23,5;
329;Гвозди декоративные усилен.(Хром);23,5;
330;Гвоздодер 450*22*12;189;
331;Гвоздодер 600*16;142;
332;Гвоздодер 600*29*15;217;
333;Гвоздодер 750*30*16;526;
334;Гвоздодер 900*30*15мм;330;
335;Гвоздодер с синекрасной ручкой 43см;74;
336;Гвоздодер с синекрасной ручкой мал.;56;
337;Гвоздь строит. 2,0*40/25*;52;
338;Гвоздь строит. 2,5*50;40;
339;Гвоздь строит. 2,5*60;45;
340;Гвоздь строит. 3,0*70;39,5;
341;Гвоздь строит. 3,0*80;39,5;
342;Гвоздь строит. 3,5*90;37,5;
343;Гвоздь строит. 4,0*100;37,5;
344;Гвоздь строит. 4,0*120;37,5;
345;Гвоздь строит. 5,0*150;37,5;
346;Гвоздь строит. 6,0*200;37,5;
347;Гвоздь толевой 2,5*32;45;
348;Гвоздь шиферный 4,0*120;56;
349;Ермак Щетка с пластиковой ручкой 4 ряда;29;
350;Ермак Щетка с пластиковой ручкой 5 ряд.;27;
351;Ермак Щетка с пластиковой ручкой 6 ряд.;33,5;
352;Заклепочник 238 мм;137;
353;Заклепочник 250мм;150;
354;Заклепочник поворотный 360 градусов;241;
355;Заклепочник Ермак 425мм усилен. двуручный;251;
356;Зубило 210*60мм с протектором;90;
357;Зубило 250*20мм с протектором;62;
358;Зубило Ермак 14*400*20мм;72;
359;Изолента  х/б;14;
360;Изолента  х/б 100г.;17,5;
361;Изолента  х/б 200гр./60;41;
362;Изолента х/б 300гр/60* Барнаул;48;
363;Изолента  х/б 80г.(в упаковке);14,5;
364;Изолента  19мм 18м синяя;21;
365;Изолента 19мм 18м черная;21;
366;Изолента 19мм 9м синяя;9,5;
367;Изолента 5 цветов /10*;7;
368;Изолента TESA 20м синяя;26,5;
369;Изолента TESA 20м черная;26,5;
370;Изолента глобе зеленая;6;
371;Изолента глобе синяя;7;
372;Изолента глобе черная;7;
373;Изолента желтая /192*;5;
374;Изолента зеленая /192*;5;
375;Изолента красная/192*;5;
376;Изолента синяя /192*;5;
377;Изолента черная/192*;5;
378;Киянка 225мм белая 662012;70,5;
379;Киянка 450мм белая 662014;133;
380;Киянка рез. 225;57;
381;Киянка резин. 680г белая 662013;135;
382;Киянка резиновая 450мм;77,5;
383;Ключ балонный;195;
384;Ключ д/патрона 13мм;12,5;
385;"Ключ разводной 10"" с обрез. ручкой";162;
386;"Ключ разводной 12"" с обрез. ручкой";223;
387;"Ключ разводной 8"" с резин. ручкой";86,5;
388;Ключ разводной Ермак 150мм;82;
389;Ключ разводной Ермак 200мм;118;
390;Ключ разводной Ермак 250мм;161;
391;Ключ трубный 2 Сибртех;255;
392;Ключ-трубный 1 Сибртех;218;
393;Ключ-трубный 2 Сибртех литой;305;
394;Ключ-трубный №1 Сибртех литой;219;
395;Ключ-трубный КТР 0 Сибртех;181;
396;Ключ-трубный КТР 0 Сосновск;185;
397;Ключ-трубный КТР-1 Сосновск;219;
398;Ключ-трубный КТР-3;448;
399;"Колун ""MATRIX"" 2700гр. с фиберглассовой ручкой";830;
400;Колун 3000гр дерев. ручка;245;
401;Колун 3600г фибергл. ручка;920;
402;Коронка 80мм;315;
403;Краги сварщика брезент.;50;
404;Крестики 2,0мм;16;
405;Крестики 3,0мм;16;
406;Кувалда 2000 гр. пласт. ручка;251;
407;Кувалда Ермак 1000г дерев. ручка;133;
408;Кувалда Ермак 1000гр. пластик. ручка;176;
409;Кувалда Ермак 1500г пластик. ручка;207;
410;Кувалда Ермак 2000г дер. ручка;210;
411;Кусачки 160мм 661872;60,6;
412;Кусачки 200мм 661270;94,5;
413;Кусачки Ермак 160мм 661253;88,5;
414;Кусачки Ермак 180 мм 661193;86;
415;Кусачки Ермак 180мм двухцветн.;88;
416;Кусачки Ермак шлиф 200мм;75;
417;Кусачки торц. 200мм 661200;98;
418;Лезвия д/ножа 18мм;12;
419;Лобзик 300мм Спарта;87;
420;Маска сварщика Евро пластик 110*90;222;
421;Маска сварщика пластик стекло 110*90;145;
422;Маска сварщика фиброкартон;106;
423;Метр складной;126;
424;Молоток 300гр дер. ручка;42,5;
425;Молоток 400гр дер. ручка;73;
426;Молоток 500гр. дер. ручка;76;
427;Молоток 600г;94;
428;Молоток  800гр.;120,5;
429;Молоток Ермак 1000гр пласт. ручка;216;
430;Молоток Ермак 200гр. пласт. ручка;78;
431;Молоток Ермак 300гр пласт. ручка;119;
432;Молоток-гвоздодер 450гр. 27мм;87;
433;Набор головок 22пр;127;
434;Набор головок 8пр;199;
435;Набор головок 9 предм. 2809;158;
436;Набор головок и насадок 24пр 2027;93;
437;Набор д/врезки замков (19-127мм) 17пр;312;
438;Набор д/врезки замков 12пр.;175;
439;Набор для врезки замков 3пр;53;
440;Набор инструм. 80пр.;3450;
441;Набор инструм. 94пр.;2220;
442;Набор инструм. 95пр.;3150;
443;Набор инструментов 30пр;940;
444;Набор инструментов 35пр.;730;
445;Набор инструментов 8пр 657254;287;
446;Набор ключей Ермак рожк-накид. 8пр.736079;146;
447;Набор ключей Ермак рожк-накидн. 6пр 736043;163;
448;Набор ключей Ермак рожк-накидн. 8пр 736049;233;
449;Набор ключей Ермак рожк.накид 6шт 736096;166;
450;Набор ключей Ермак рожк. накидн. 12пр. 736050;355;
451;Набор ключей Ермак рожково- накид. 6 пред.736048;160;
452;Набор ключей Ермак рожково- накид. 8 пред. 736044;260;
453;Набор ключей Ермак рожково-накид. 6 пред.736078;104;
454;Набор ключей рожково-накидные 12пр 736046;389;
455;Набор ключей рожково-накидных (6 пред.) 736075;227;
456;Набор ключей рожковых 6пр. 736070;100;
457;Набор метчики+плашки (20пред);340;
458;Набор метчики+плашки (40пред);530;
459;Набор резьбы по дереву 13пр;65;
460;Набор резьбы по дереву бол. 10пр.;62;
461;Набор стамесок 4пр дерев. ручки;62;
462;Набор стамесок  4пр;246;
463;Набор шестигранников 657023;120;
464;Набор шестигранников 8шт;50;
465;Набор шестигранников 9пр 657025;114;
466;Набор шестигранников 9пр. 657188;99;
467;Набор шестигранников 9шт 657009;68;
468;Ключи-шестигранники Ермак удлин. 657012;97;
469;Набор шестигранников ключей;28;
470;Набор шестигранников удлин. 657013;60;
471;Набор щеток металл со шпилькой(50,63,75мм);26;
472;Набор щеток металл. со шпильками 5пр.;130;
473;Надфили алмазные;129;
474;Напильник с дерев. ручкой квадр. 150мм;21;
475;Напильник с дерев. ручкой квадр. 200мм;29;
476;Напильник с дерев. ручкой круглый 150мм;22,5;
477;Напильник с дерев. ручкой круглый 200мм;30,5;
478;Напильник с дерев. ручкой п/круглый 200мм;34,5;
479;Напильник с дерев. ручкой п/круглый 250мм;45;
480;Напильник с дерев. ручкой п/круглый 300мм;62,5;
481;Напильник с дерев. ручкой плоский 150мм;29,5;
482;Напильник с дерев. ручкой плоский 200мм;39;
483;Напильник с дерев. ручкой плоский 250мм;46,5;
484;Напильник с дерев. ручкой трехгр. 150мм;36,5;
485;Напильник с дерев. ручкой трехгр. 200мм;35,5;
486;Напильник с дерев. ручкой трехгр. 250мм;47;
487;Напильник трехгранный;44;
488;"Напильник трехгранный 6""";12;
489;Нож пистолет. усилен. 685011;19;
490;Нож пистолетн. 641092;50;
491;Нож пистолетн.;25;
492;Нож пистолетн. с квадр. фиксатором;16;
493;Нож пистолетный 641091;81;
494;Нож пистолетный профи усилен. 685008;34;
495;Нож пистолетный с круглым фиксатором;22,5;
496;Ножницы по металлу 250мм с обрезин. ручками;108;
497;Ножницы для резки металла Н-30-1, 250мм;117;
498;Ножницы для резки металла Н-30-2, 290мм;127;
499;Ножницы для резки металла Н-30-3, 330мм;127;
500;"Ножовка по дереву ""СПАРТА"" 450мм линейкой";107;
501;Очки защитные затемненные;40;
502;Очки защитные прозр;39;
503;Пассатижи Ермак 160мм 661009;50,5;
504;Пассатижи Ермак 160мм с двухцветной ручкой 661227;90,5;
505;Пассатижи Ермак 180мм 661010;52,5;
506;Пассатижи Ермак 200мм 661011;68;
507;"Пассатижи ЕРМАК R-6"" /6* 661869";65;
508;"Пассатижи ЕРМАК R-7"" /6* 661870";67;
509;"Пассатижи ЕРМАК R-8"" /6* 661871";79;
510;Пассатижи Ермак комб. профи 160мм /6* 661203;93;
511;Пассатижи Ермак комб. профи 180мм /6* 661208;109;
512;Пассатижи Ермак комб. профи 200мм/6* 661209;129;
513;Пассатижи Ермак комб. шлиф. 160мм 661879;62;
514;Пассатижи Ермак комб. шлиф. 180мм 661880;70;
515;Пассатижи Ермак комб. шлиф. 200мм 661881;78;
516;Патрон для дрели метал. с ключом 13мм;97;
517;Патрон самозажимной 1,5-10мм;110;
518;Пила дисковая Ермак 150*32*24Т;106;
519;Пила дисковая Ермак 150*32*40Т;121;
520;Пила дисковая Ермак 200*32*24Т;136;
521;Пила дисковая Ермак 200*32*40Т;177;
522;Пила дисковая Ермак 250*32*40Т;275;
523;Пила дисковая Ермак 300*32*40Т;309;
524;Пила дисковая Ермак 300*32*60Т;413;
525;Пилки д/эл. лобзика набор;72;
526;Пилки д/эл. лобзика Т 144Д;54;
527;Пилки д/эл. лобзика Т119В;36,5;
528;Пилки д/эл. лобзика Т119ВО;36;
529;Пистолет д/выдавл.герметика 684020;48;
530;Пистолет д/герметика 6801;48;
531;Пистолет д/герметика усилен. 684014;137;
532;Пистолет д/герметика усилен. 684015 скелетн.;85;
533;Пистолет для монтажной пены 641200;278;
534;Пистолет д/пены FALCO;256;
535;Пистолет д/пены пластик;169;
536;Пистолет д/пены Стандарт 641065;328;
537;Плитка газовая;311;
538;Плиткорез 400мм;342;
539;Плиткорез-кусачки Ермак;75;
540;Плиткорез-кусачки с пластм. упором 200;67;
541;Полотно д/лобзика 125мм (20шт);46;
542;Полотно ножовочное;15;
543;Полотно ножовочное по металлу Россия;4,8;
544;Пылевыбивалка метал.;52;
545;Редуктор 2-1/2 Балтика;180;
546;Редуктор газовый Лягушка 1-1/2;133;
547;Резак для металлопл. 36см Ермак;151;
548;Резак для металлопл.труб.;94;
549;Рубанок 240х60мм одинарник деревянный;200;
550;Рубанок металл. Ермак 250мм А4;402;
551;Рубанок набор 2шт;256;
552;Рулетка 10м Ермак;158;
553;Рулетка 15м;202;
554;Рулетка 20м;270;
555;Рулетка 2м Jobi;22;
556;Рулетка 3м Jobi;29;
557;Рулетка 3м WSM;25;
558;Рулетка 5м;141;
559;Рулетка 5м Jobi /12*;42,5;
560;Рулетка 5м WSM;40;
561;Рулетка 7,5м WSM;52;
562;Рулетка Ермак 3м;42;
563;Рулетка Ермак 3м;36;
564;Рулетка Ермак 3м 658141;31;
565;Рулетка Ермак 3м обрезин. 658127;44,5;
566;Рулетка Ермак 3м черная;33;
567;Рулетка Ермак 3м.  658138;36,5;
568;Рулетка Ермак 5м;57;
569;Рулетка Ермак 5м 658128;71,5;
570;Рулетка Ермак 5м 658142;54,5;
571;Рулетка Ермак 5м автостоп;60;
572;Рулетка Ермак 5м магнит 658019;58;
573;Рулетка Ермак 5м серая;62,5;
574;Рулетка 5м Ермак черная;48;
575;Рулетка Ермак 7,5м 658143;88;
576;Рулетка Ермак 7,5м Автостоп;111;
577;Рулетка Ермак 7,5м.658140;115;
578;Рулетка Ермак двукомп. корпус Е096 7,5м;80;
579;Рулетка стронг 3м;45,5;
580;Рулетка-брелок Ермак 1м;19;
581;Рулетка-брелок Ермак 2м.;20;
582;Сеткодержатель на винтах 105*230мм;87;
583;Скоба 10мм 648035;44,5;
584;Скоба 10мм 648044;42;
585;Скоба 12мм большая;48;
586;Скоба 12мм. 648036;50,5;
587;Скоба 14мм 11,3;53;
588;Скоба 14мм больш.;50;
589;Скоба 6мм 648032;37;
590;Скоба 6мм 648040;28,5;
591;Скоба 8мм 648043;39,5;
592;Скоба 8мм. 648033;41,5;
593;Скоба №10 заостренные матрикс;45;
594;Скоба №6 заостренные матрикс;28,1;
595;Скоба №8 заостренные матрикс;35;
596;Стамеска дер. ручка 12мм;48;
597;Стамеска дер. ручка 16мм;51;
598;Стамеска дер. ручка 20мм;53;
599;Стамеска дер. ручка 25мм;58,5;
600;Стамеска дер. ручка 32мм;64;
601;Степлер меб. Ермак 4х функц.;414;
602;Степлер мебел. Ермак(4-8мм) Ермак;207;
603;Степлер мебельн. Матрикс 4-8;243;
604;Степлер регулир. тип 53 4-14мм;313;
605;Стусло 300*100 пластм. с пилой;283;
606;Стусло 300*65мм с пилкой;86;
607;Тиски 40мм;71;
608;Тиски 50мм;115;
609;Тиски 60мм;118;
610;Тиски 70мм;144;
611;Тиски 80мм;177;
612;Тонкогубцы 160мм 661472;88;
613;Тонкогубцы 180мм 661473;92;
614;Тонкогубцы профи 200мм 661493;110;
615;Топор 600гр ФАЛКО обрезин;202;
616;Топор А2 в сборе 2,0кг(Ижсталь);350;
617;Топор Б2 в сборе 1,2кг Ижсталь /14*;285;
618;Топор Б4 1,4кг без черенка/12*;280;
619;Топор Ермак ков.ручка  1000гр дерево;197;
620;Топор Ермак ков. ручка 600гр дерево;161;
621;Топор Ермак ков. ручка 800гр дерево;164;
622;Топор Ермак ков. ручка стекловол. 1000гр;298;
623;Топор Ермак ков. ручка стекловол. 600гр.;171;
624;Топор Ермак ков. ручка стекловол. 800гр;250;
625;Уголок линейка 500мм;85;
626;Уголок-линейка 250мм;46;
627;Уголок-линейка 300мм /12*;49,5;
628;Уголок-линейка 350мм /12*;61;
629;Уголок-линейка 40*60см Ермак;89;
630;Черенок д/граблей;30;
631;Черенок д/лопат;32;
632;Штангенциркуль 150мм;191;
633;Щетка 4-рядная по металлу с дер ручкой/12*;14;
634;Щетка 5-рядная по металлу с дер ручкой/12*;19;
635;Щетка 6-рядная по металлу с дер ручкой/12*;22;
636;Щетка металл д/УШМ 100мм М14 чашка 656047;83,5;
637;Щетка металл. д/ УШМ 100мм/14 крученная тарелка 656074;50;
638;Щетка металл д/УШМ 100мм/22мм крученая 656049;69;
639;Щетка металл.  для УШМ 150мм/22мм 656051;106;
640;Щетка металл д/УШМ 175мм/22мм 656052;154;
641;Щетка металл д/УШМ 200мм/22мм тарелка 656053;196;
642;Щетка металл. д/УШМ 65мм М14 чашка 656036;33;
643;Щетка металл д/УШМ 65мм/М14 крученая 656044;38;
644;Щетка металл д/УШМ 85мм крученая 656073;54;
645;Щетка металл. д/ УШМ 100мм /М14 656061;151;
646;Щетка металл. д/дрели со шпилькой 50мм чашка 656025;22;
647;Щетка металл. д/дрели со шпилькой 65мм крученая 656023;58;
648;Щетка металл. д/дрели со шпилькой 75 мм чашка 656027;33;
649;Щетка металл. со шпилькой д/дрели 100 мм плоская;35;
650;Щетка металл. со шпилькой д/дрели 65мм чашка 656026;26;
651;Щетка металл. со шпилькой д/дрели 75 мм плоская 656007;30;
652;Щетка металл д/дрели со шпилькой 75мм крученая 656024;72;
653;Щетка утюжок макси 3099;39;
654;Крепёж;;
655;Анкерный болт 10*100;10;
656;Анкерный болт 10*120;14;
657;Анкерный болт 10*80;8;
658;Доводчик 25-45кг;450;
659;Доводчик 45-65кг бронза;560;
660;Доводчик 65-85кг;700;
661;Доводчик 85-125кг;850;
662;Дюбель плас.5х25мм (100шт);14;
663;Дюбель полипр. с винтом 6*60;95,5;
664;Дюбель рамный 10*72;4,5;
665;Дюбель с шурупом 6*50 15шт;16,5;
666;Дюбель с шурупом 8*50 10шт;16,5;
667;Дюбель-гвоздь 4,5х50;172;
668;Заклепки 3,2*10мм;15;
669;Заклепки 3,2*6 мм;11,5;
670;Заклепки 3,2*8;15,5;
671;Заклепки 4*10;20,5;
672;Заклепки 4*12 мм;18;
673;Заклёпки 4х8 Ермак (50шт);19;
674;Заклепки 4,8*10мм/50*;24;
675;Заклепки 4,8*12 мм;26,5;
676;Заклепки 4,8*16мм;28;
677;Заклепки 4,8*8мм;22;
678;Кронштейн 30*30/150*;6,5;
679;Кронштейн меб. 20*20 цинк/;2;
680;Кронштейн меб. 30*30 цинк;3;
681;Кронштейн меб. 40*40 цинк/500*;3,5;
682;Кронштейн меб.50*50 цинк;4;
683;Кронштейн меб. 60*60 цинк;4,8;
684;Кронштейн меб. 80*80 цинк;6,6;
685;Опора мебельн. В1;18;
686;Саморез 4,2*13 п/ш 1000шт;191;
687;Саморез 4,2*13 п/ш 200шт;62;
688;Саморез 4,2*16 п/ш 1000шт;213;
689;Саморез 4,2*16 п/ш 200шт;70;
690;Саморез 4,2*16 п/ш со сверлом 200шт;69;
691;Саморез 4,2*19 п/ш 1000шт;246;
692;Саморез 4,2*19 п/ш 200шт;77;
693;Саморез 4,2*19 п/ш со сверлом 200шт;74;
694;Саморез 4,2*25 п/ш  1000шт;285;
695;Саморез 4,2*25 п/ш 200шт;89;
696;Саморез 4,2*25 п/ш со сверлом 200шт;87;
697;Саморез 4,2*38 п/ш 200шт;98;
698;Саморез 4,2*50 п/ш 100шт;67;
699;Саморез желтые 3,0*20 1000шт;95;
700;Саморез кровельный 4,8*28 250шт;273;
701;Саморез черный 3,5*16 1000шт;140;
702;Саморез черный 3,5*19 1000шт;143;
703;Саморез черный 3,5*19 200шт;47;
704;Саморез черный 3,8*25 1000шт;167;
705;Саморез черный 3,8*25 200шт;45;
706;Саморез черный 3,8*32 1000шт;208,5;
707;Саморез черный 3,8*32 200шт;64;
708;Саморез черный 3,8*35 1000шт;219;
709;Саморез черный 3,8*35 200шт;55;
710;Саморез черный 3,8*41 200шт;67,5;
711;Саморез черный 3,8*45 200шт;72;
712;Саморез черный 3,8*51 200шт;79;
713;Саморез черный 3,8*55 200шт;85;
714;Саморез черный 4,2*65 (500шт);208;
715;Саморез черный 4,2*65/100*;62;
716;Саморез черный 4,2*75 100шт;74;
717;Саморез черный 4,2*75 250шт;135,5;
718;Саморез черный 4,2*90/250*;208,5;
719;Саморез черный 4,8*100 250шт;297,5;
720;Саморез черный 4,8*120 250шт;395,5;
721;Шурупы;5;
722;Новогодние товары;;
723;Сувениры. Игрушки.;;
724;Мышь в деньгах 3,5см;8;
725;Мышь спортивная 3,5см;8;
726;Новогодние товары;;
727;Гирлянда электр. 100диод.;120;
728;Дед Мороз 25см;150;
729;Дед мороз 25см;330;
730;Елка 120см;585;
731;Елка 90см;195;
732;Елка заснеженная 90см;650;
733;Елка настольная 40см;160;
734;Елка с бусами;260;
735;Елка с шишками;285;
736;"Колпак ""Хочу Деда Мороза""";25;
737;"Колпак ""Хочу Снегурочку""";25;
738;"Колпак ""Хочу снегурочку""";43;
739;Мишура 10см;32,5;
740;Мишура 10см 1,5м/10*;17;
741;Мишура 5см;14,5;
742;Мишура тонкая;8;
743;Набор елочных украшений Снежок;34;
744;Набор игрушек 4шт;67;
745;Набор украшений груша 7см 2шт;41;
746;Набор украшений звезда 60мм 3шт;47;
747;Набор украшений юла 7см 2шт;42;
748;Набор шаров 4шт;136;
749;Набор шаров Подарок 4шт 7,5см;113;
750;Подвеска Ажур 15,5см 2шт;37;
751;Подвеска Елочка 6см 3шт;26;
752;Подвеска из пайеток;29;
753;Подвеска Шапочка 7см 2шт;18;
754;Подвеска шар/сосулька/юла 3шт;49;
755;Свеча д/торта витые 4шт;18;
756;Свеча черн. с бел. узором 6*7,5см;52;
757;Украшение Бабочка 2шт;16;
758;Украшение снежинка 9,5см 6шт;55;
759;Украшение Сосульки 15см 3шт;59;
760;Хлопушка Доллары;56;
761;Шары 100мм 4 шт серебро;139;
762;Шары 100мм 4шт золото;122;
763;Шары 100мм 4шт синий;126;
764;Шары 80см 6шт;99;
765;"Шары набор 7см 4шт ""Снег""";94;
766;Шары Сноу Бум пластик 60мм в дисплее/3*;35;
767;Шары Сноу Бум пластик 60мм звездочка /3*;39;
768;Отрава;;
769;Ампула Алатар;7,5;
770;Ампула Зубр/200*;5;
771;Ампула Искра золотая/350*;6,6;
772;Ампула Командор;7;
773;Ампула танрек/500*;6,5;
774;Антимоль пластины;13;
775;Антитаракан;28;
776;Бордоская Смесь 100гр;20;
777;Борька;12,5;
778;Дихлорэтан 30 мл.;17,5;
779;Дихлофос 180мл без запаха;37,4;
780;Дихлофос Варан 145мл без запаха;33,6;
781;Дихлофос с запахом;34,4;
782;Дихлофос Эконом;33,5;
783;Дохлокс гель от тараканов/12*;32;
784;Дохлокс от муравьев;31,5;
785;Жидкость неотокс;34;
786;Жидкость чистый дом;45;
787;Карандаш д/утюга;9;
788;"Клей д/ мышей ""Чистый дом""";58;
789;Клей д/мышей  60гр/40*;37;
790;Клей д/мышей 135мл/50*;60;
791;Клей д/мышей Блокада/40;50;
792;Клей д/мышей грызунофф;51;
793;Крем бальзам от укусов;22;
794;Крем ДЕТА 45 мл;30;
795;Крем детский от комаров;49;
796;Крем комарекс гель;19,5;
797;Крем Комарофф гель;21;
798;Крем ЧД;21;
799;Крем ЧД  детский;20,5;
800;Крысоловка 1шт;18;
801;"Мелок от тараканов ""Машенька""/";9,5;
802;Молемор;37,5;
803;Муравьин;7,5;
804;Мухолов москитол;39;
805;Мухолов Чистый дом;6;
806;Мышеловка;27,5;
807;Мышеловка дерево 2шт;21;
808;Отрава 150гр;15,5;
809;Отрава гранулы от мух.;8;
810;Отрава домовой 30гр;5;
811;Отрава Зерноцие -у зерно 200гр/40*;12,6;
812;Отрава зерноцин 100гр гранулы/100;11;
813;Отрава Зерноцин 50гр гранулы/100;6,6;
814;Отрава зерноцин зерно 100гр/70*;9,2;
815;Отрава Зерноцин;5,5;
816;Отрава Зоокумарин 50гр.;6,5;
817;Отрава Зоокумарин нео 150гр;12,5;
818;Отрава Крыс мумиф. 5доз;13,5;
819;Отрава Крысид 100гр;9,1;
820;Отрава Крысид 50гр;5,5;
821;Отрава Крысиная смерть;25;
822;Отрава от крыс мумиф. 150гр;33;
823;Отрава Федорино счастье 150гр;20;
824;Отрава Федорино счастье зерно 200гр;31;
825;Отрава Федорино счастье ТБ 150гр брикет;32;
826;Отрава Эфа гранулы 30гр;7;
827;Отрава Эфа гранулы 50гр;7,7;
828;Отрава Эфа зерно 100гр;12,5;
829;Отрава Эфа зерно 30гр/170*;7,1;
830;Пластины Комарофф.;7,5;
831;Пластины Москитол от комаров;16;
832;Пластины от комаров Раптор;27,5;
833;Пластины от комаров/160*;6,5;
834;Пластины от мух Москитол.;24,5;
835;Прибор ДИК 2 простой;21;
836;Прибор ДИК 6 универ.;26;
837;Рефтамид голубой;57,6;
838;Спираль от комаров Москитол;33;
839;Спрей АНТИКЛЕЩ комарофф;40;
840;Спрей ДЕТА детский 50мл;72;
841;Спрей Дета;67;
842;Спрей кедровый;39;
843;Спрей Комарофф;54;
844;Спрей лесной;43,5;
845;Москитол спрей;83;
846;Спрей Хамелеон антиклещ;67;
847;Удобрение д/цветов 0,5л/6*;27;
848;Шарики от моли;21,5;
849;Печное оборудование;;
850;Дверка поддувальная ДП-1 150*160;307;
851;Дверка прочистная 150*112 Балезино;276;
852;Дверка прочистная ДПр-2 Рубцовск 170*145;312;
853;Дверка топочная ДТ-3 250*210 Рубцовск;672;
854;Дверка топочная ДТ-4 Торопец 270*295 (250*280);622;
855;Задвижка ЗВ-1У Балезино 280*190;350;
856;Колосник 180*250 Балезино;181;
857;Колосник 180*250 Рубцовск;234;
858;Колосник 200*300мм Балезино;370;
859;Колосник 250*180 Рубцовск;238;
860;Колосник 300*400;600;
861;Колосник 380*250 Балезино;425;
862;Пластмасса;;
863;Ведро 10 литров пласт;36;
864;Ведро 10л ПОДОЙНИК пластм.;69;
865;Ведро 12л пласт.;40;
866;Ведро 4л;36,5;
867;Ведро 5 л узкое пласт;24,5;
868;Ведро 5 литров широкое пласт;21,5;
869;Ведро 8,5л;35;
870;Ведро с отжимом 9л;104;
871;Ведро туалет 18л;175;
872;Ведро туалет уценка;120;
873;Ковш 1л;21;
874;Ковш оцинк;80;
875;Ковш пласт. 0,8л Мега;21;
876;Ковш пластм. 1,5л Мега;24;
877;Мега ведро 12л;69;
878;Мега Ведро пласт 5л;41;
879;Мега Ведро пластм. 7л;59;
880;Мега Крышка к ведру 7л;20;
881;Мега Таз 10л круглый;55,5;
882;Мега Таз 12л;57;
883;Мега Таз 17л;108;
884;Мега Таз 20л;122;
885;Мега Таз 7л круглый;46;
886;Мега Таз 9л квадратный;57,5;
887;Поилка;11;
888;Совок + щетка Клио;45;
889;Мега Совок д/мусора;17,5;
890;Совок Сандра;20,5;
891;Совок+щетка-сметка;35;
892;Таз 5л пласт;22;
893;Таз пласт. 10л;33;
894;Таз пласт. 12 литров с ручками;37,5;
895;Таз пласт. 12л;37;
896;Таз 15 литров;44;
897;Садово-Огородный инвентарь;;
898;Адаптер 1/2*3/4 с футоркой;12;
899;Адаптер 1/2/50*;10;
900;Адаптер 3/4 вн. резьба;8,5;
901;Адаптер 3/4 нар. резьба;9;
902;Бороздовичек с дер. ручкой;27;
903;Ванна оцинк. 40л;285;
904;Ванна оцинк. 70л;380;
905;Ведро 12л. оцинкованое;81;
906;Ведро 12л. черное железное;79,5;
907;Ведро 15л. оцинкованое;103;
908;Ведро оцинков. 9л.;77;
909;Грабли 12ти зубые;34;
910;Грабли веерные проволочные 18 зуб окр.;67;
911;Грабли веерные проволочные 18 зубьев;66;
912;Коса №7;250;
913;Коса №8;299;
914;Культиватор ротационный;181;
915;Лейка 3л;37;
916;Лопата совковая ЛСП (Магнитогорск);57;
917;Лопата штыковая ЛКО (Магнитогорск);69;
918;Мангал;200;
919;Мангал с шампурами;190;
920;Мотыжка малая;28;
921;Мотыжка радиусная 200мм;38;
922;Набор инвентаря в блистере;68;
923;Набор цветочный 4пр.;91;
924;Ножницы бордюрные 500мм;266;
925;Переходник двусторонний  330063;16;
926;Пистолет душ Жук с фиксатором 1/2-3/4;60;
927;Пистолет душ Жук с фиксатором с цанговым креплением 3/4;70;
928;"Плоскорез ""Гидра""";115;
929;"Плоскорез ""Фокина"" большой б/ч";109;
930;"Плоскорез ""Фокина"" с черенком";109;
931;Распылитель 4х лепестковый 011807;28;
932;Распылитель 5ти лепестковый 011808;32;
933;Решетка гриль эконом;70;
934;Розжиг 0,5л;32;
935;Рыхлитель комбинир. с 4мя витыми;29,5;
936;Секатор 220мм зубчатый;124;
937;Секатор 220мм никел покр;122;
938;Серп;48;
939;"Серп 18"" 450мм";65;
940;Совок посадочный  оцинк;19;
941;Совок садовый посад. пласт. ручка;15;
942;Соединитель д/шланга 3/4-1/2;5,5;
943;Таз 13л оцинк.;120;
944;Таз 9л оцинк;107;
945;Торф. таблетки 41;3,5;
946;Тройник 3/4-3/4-3/4/25*;36;
947;Тяпка мотыга 150мм;37;
948;Тяпка мотыга мм;50;
949;Тяпка полольник петлевидный;108;
950;Тяпка-мотыга остроугольная;59;
951;Уголь 2кг;60;
952;Уголь 3кг;80;
953;Уголь 5кг;130;
954;Шампур 500*10*1,5мм уголок;12;
955;Шампура металл.;10;
956;Шланг ПВХ прозрачный 3/4 25м;300;
957;"Шланг полив. ""Олимп"" 3/4 25м";380;
958;Шланг полив. резин 3/4 18м;550;
959;Штуцер 1/2*12 Н новый;14,5;
960;Сантехника;;
961;Арматура д/смывн. бачка кнопочная;192;
962;Арматура универс. АБ-2000 Т;97;
963;Бочата диам. 15;7;
964;Бочата диам. 20;9;
965;Бочата диам. 25;14;
966;Бочата 40;25;
967;Вантуз (ПЦ) ТМ;42;
968;Вантуз 130мм Сибртех;55;
969;Вентиль латун. ДУ-15 Бологое;116;
970;Вентиль латун. ДУ-20 Бологое;161;
971;Вентиль латун. ДУ-25;219;
972;Вентиль латун. ДУ-32 Бологое;394;
973;Вентиль чугун. ДУ-20;108;
974;Вентиль шар. ТМ для мет.пл.тр. 1/2х20  м/ц;107,5;
975;Вентиль шар. ТМ для мет.пл.тр. 1/2х20  п/ц;110;
976;Вентиль шар. ТМ для мет.пл.тр. 16*20ц/ц;134;
977;Вентиль шар. ТМ д/мет.пл.тр 20*20ц/ц;178;
978;Вентиль шар. ТМ для мет.пл.тр. 3/4*16п/ц;140;
979;Ерш;30;
980;Ерш;16;
981;Заглушка 1/2 П латунь;8;
982;Картридж керам. 40мм;28;
983;Колонка пласт.АБ-118(Т0;33;
984;Контактная пара;22;
985;Контр. гайка ДУ 15;5,5;
986;Контр. гайка ДУ 20;7;
987;Кран букса 1/2 керамич. 24шл.;41;
988;Кран букса 18*1 керамич. 033;45;
989;Кран-букса 18*1 резина 575860;35,5;
990;Кран букса 18*1 резина под крест 575162;36;
991;Кран букса 3/8 керамич. 24шл;24;
992;Кран букса 3/8 керамич. под квадрат 575014;24,5;
993;Кран букса 3/8 резина под квадрат;23;
994;Кран букса 3/8 резина под крест 24шл.;27;
995;Кран водоразб. 15 латунь;96,5;
996;Кран водоразб. 9601-А207 штуцер;85;
997;Кран водоразб. 9605-А203 1/2;70;
998;Кран водоразб. 9609-А207;89;
999;Кран водоразб. 9609-В130 крест 1/2;97;
1000;Кран водоразб. кор. нос;95;
1001;Кран водоразб. кор. нос 9601-В130 крест;96;
1002;Кран водоразб. кор. нос 9605-В130;99;
1003;Кран газовый 15;78;
1004;Кран д/стир. машин 1/2М*3/4П*1/2П/20*;69;
1005;Кран шар 20 332 американка;181;
1006;Кран шар. 20 бабочка ММ 330 крепыш 103214;133;
1007;Кран шар. 20 бабочка ПМ 331 0103243;162,1;
1008;Кран шар. 20 крепыш  длин. ручка МП 321 0103202;162;
1009;Кран шар. 20 крепыш ММ 320 длин. ручка 103198;139;
1010;Кран шар. 20 стандарт 221 ПМ 103184;120;
1011;Кран шар. 20 стандарт ММ 220 103182;105;
1012;Кран шар. 20 стандарт ММ 230 бабочка 103187;117,5;
1013;Кран шар. 25 ММ 0103154;199;
1014;Кран шар. 25 МП;219;
1015;Кран шар. 32 ММ;325;
1016;Кран шар. 32 ПМ;381;
1017;Кран шар. 40ММ;480;
1018;Кран шар. 40 МП;543;
1019;Кран шар.50 ММ;636;
1020;Кран шар 50 МП;800;
1021;Кран шар. мод 3/4 ГБ бабочка;59;
1022;Кран шаровый 20 ПМ бабочка;59;
1023;Кран шар. мод. 3/4 ГБ длин. ручка;59;
1024;Кран шар. мод. Ит. 1/2 ПМ бабочка;47;
1025;Кран шар.ДУ 15 длиная ручка ММ 220 103150;67;
1026;Кран шар.ДУ 15 ММ бабочка 103212;99,1;
1027;Кран шар.ДУ 15 ПМ бабочка 103218;113;
1028;Кран шар.ДУ 15 ПМ длин. ручка 103200;101;
1029;Кран шар.ДУ 15 стандарт 221 МП 103152;87,5;
1030;Кран шар.ДУ 15 стандарт 231 бабочка ПМ 103165;78;
1031;Кран шар.ДУ 15 стандарт ГГ бабочка 230 103163;67,5;
1032;Кран шаровый 15 332 американка;123;
1033;Кран шаровый с фильтром 1/2 латунь /10*;163;
1034;Крестовина ДУ 15;24;
1035;Лейка д/душа 1режим 2839;52;
1036;Лейка д/душа 3 режима 2836;139;
1037;Лента ФУМ 12мм 10м /10*;9;
1038;Лента ФУМ 12мм*10м Спарта;8,5;
1039;Лента Фум 12мм/10м/10* желтая;7,5;
1040;Лента ФУМ большая желтая;15;
1041;Лента ФУМ для воды Мастер Лайн. 20*0,2*10м;53;
1042;Лента ФУМ Мастер Лайн 15*0,2*5м;30;
1043;Манжета конусная;5,5;
1044;Манжета рюмочная;7;
1045;Муфта 3/4 латунь;48;
1046;Муфта G1/2 латунь;37;
1047;Муфта ДУ 15;9;
1048;Муфта ДУ- 20;12;
1049;Муфта ДУ 25;18,5;
1050;Муфта ДУ- 25 пластм.;10;
1051;Муфта ДУ-20 пластм.;9;
1052;Патрубок NTM для мет. пл. тр. 1/2х16 м/ц;46;
1053;Патрубок NTM для мет. пл. тр. 1/2х16 п/ц;35;
1054;Патрубок NTM для мет. пл. тр. 1/2х20 м/ц;62;
1055;Патрубок NTM для мет. пл. тр. 1/2х20 п/ц;57,5;
1056;Патрубок NTM для мет. пл. тр. 16*16ц/ц;64;
1057;Патрубок NTM для мет. пл. тр. 16х20 ц/ц;76;
1058;Патрубок NTM для мет. пл. тр. 3/4*16 м/ц;45;
1059;Патрубок NTM для мет.пл.тр.3/4*16 п/ц;45,5;
1060;Патрубок NTM для мет. пл. тр. 3/4*20 м/ц;60;
1061;Патрубок NTM для мет.пл.тр. 3/4*20 п/ц;54;
1062;Патрубок NTN для мет. пл. тр. 20*20 ц/ц;89;
1063;Переходник 1/2 лат. ПМ;37;
1064;Переходник 1/2*3/4 ПМ лат.;39;
1065;Переходник 3/4-3/4 бочонок латунь;23,5;
1066;Переходник 3/4-3/4 чугун;10,5;
1067;Переходник NTM углов. для мет.пл.тр. 1/2*16 м/ц;43,5;
1068;Переходник NTM углов. д/мет.пл.тр.1/2х16 м/ц пристен.;67,5;
1069;Переходник NTM углов. д/мет.пл.тр.1/2х20 м/ц;61;
1070;Переходник NTM углов. д/мет.пл.тр.1/2х20 п/ц;58,5;
1071;Переходник NTM углов. д/мет.пл.тр.16х16 ц/ц;58,7;
1072;Переходник NTM углов. для мет. пл. тр. 20*20 ц/ц;86;
1073;Переходник NTM углов. д/мет. пл. тр. 3/4*16 м/ц пристен.;82;
1074;Переходник NTM углов. д/мет.пл. тр.3/4*16 п/ц;58;
1075;Переходник NTM углов. д/мет. пл. тр. 3/4*20 м/ц;72;
1076;Переходник NTM углов. д/мет. пл. тр. 3/4*20 п/ц;63,5;
1077;Подводка 100  Акватехника смеситель пара;122;
1078;Подводка 100 Г/Б Акватехника;63;
1079;Подводка 100 Г/Г Акватехника;54;
1080;Подводка 120 Г/Б Акватехника;65;
1081;Подводка 120 Г/Г Акватехника;69;
1082;Подводка 120 смеситель Акватехника пара;126;
1083;Подводка 150 Г/Б Акватехника;77;
1084;Подводка 200 Г/Г Акватехника;97;
1085;Подводка 30см ПМ;45;
1086;Подводка 40 Акватехника смеситель пара;52;
1087;Подводка 40 Г/Б Акватехника;52;
1088;Подводка 40 Г/Г Акватехника;41;
1089;Подводка 50 Г/Б Акватехника;55;
1090;Подводка 50 Г/Г Акватехника;42;
1091;Подводка 50 смесит. Акватехника пара;78;
1092;Подводка 50см  смеситель по штучно;38;
1093;Подводка 60 Г/Б Акватехника;50;
1094;Подводка 60 Г/Г Акватехника;45;
1095;Подводка 60 смесит. Акватехника штука;39;
1096;Подводка 60см к смесителю (пара);85;
1097;Подводка 80 Г/Б Акватехника;65;
1098;Подводка 80 ГГ Акватехника;53;
1099;Подводка 80 смеситель пара;95;
1100;Подводка баррус 40 ГГ;32;
1101;Подводка баррус 40 ПМ;32;
1102;Подводка баррус 50 ГГ;35;
1103;Подводка баррус 50 ПМ;35;
1104;Пробка д/ванной резиновая черная;10;
1105;Пробка д/ванной резиновая черная с цепочкой;28;
1106;Пробка д/ванной силиконовая с цепочкой;36;
1107;Резьба ДУ- 15;5,5;
1108;Резьба  ДУ- 20;7,3;
1109;Резьба ДУ-25;11;
1110;Резьба  ДУ- 32;14,5;
1111;Резьба  ДУ- 40;17,5;
1112;Ремкомплект №1 для сифонов мойки и раковины;41;
1113;Ремкомплект №2 д/ сифонов под ванную;39;
1114;Ремкомплект смесителя имп №1;9;
1115;Ремкомплект смесителя отеч №1;10;
1116;Ручка д/смесителя пласт. под. квадрат;14,5;
1117;Сгон ДУ-15;11,5;
1118;Сгон ДУ-20;14;
1119;Сгон ДУ 25;23;
1120;Сгон ДУ 32;29;
1121;Сеточка в раковину маленькая металл;2,5;
1122;Сеточка в раковину пластм;3;
1123;Сифон д/ванн;225;
1124;Смеситель QUARTZ 1/2 д/кухни на одну воду;155;
1125;Смеситель д/ванны 566021;502;
1126;Смеситель д/ванны 566137;710;
1127;Смеситель д/ванны 566160;586;
1128;Смеситель д/ванны 566169;645;
1129;Смеситель д/ванны 566172;610;
1130;Смеситель д/ванны 566343;590;
1131;Смеситель д/кухни 566005;445;
1132;Смеситель д/кухни 566010;189;
1133;Смеситель д/кухни 566031;454;
1134;Смеситель д/кухни 566163;259;
1135;Смеситель д/кухни 566166;363;
1136;Смеситель д/кухни 566338;322;
1137;Смеситель д/кухни Клабб 566091;263;
1138;Смеситель д/кухни Клабб 566151 по 2 в коробке;245;
1139;Смеситель д/кухни на ОДНУ воду 566284;128;
1140;Смеситель д/кухни пристенный 566036;295;
1141;Стерилизатор;19;
1142;Счетчик воды СГВ-15;400;
1143;Тройник 1/2 ВВВ новый;28,5;
1144;Тройник 1/2 ВВН новый;29;
1145;Тройник 1/2 ВНВ новый;29,5;
1146;Тройник 1/2 ВНН новый;30;
1147;Тройник 1/2 МММ;76;
1148;Тройник 1/2 ММП лат.;57;
1149;Тройник 1/2 МПМ;71;
1150;Тройник 1/2 НВН новый;30,5;
1151;Тройник 1/2 ННН новый;26;
1152;Тройник 1/2 ПМП;50;
1153;Тройник 1/2 ППМ;71,5;
1154;Тройник NTM д/мет.пл.тр. 16х1/2х16 ц/м/ц;77;
1155;Тройник NTM д/мет.пл.тр. 16х1/2х16 ц/п /ц;70;
1156;Тройник №15;17,5;
1157;Тройник №20;26,5;
1158;Тройник №25;21;
1159;Трос сантехнический 10м 10мм;600;
1160;Трос сантехнический 2,5м 9,0мм;105;
1161;Трос сантехнический 20м;1235;
1162;Трос сантехнический 3м 10мм;197;
1163;Трос сантехнический 5м 10мм;317;
1164;Трос сантехнический 5м 6,5мм;178;
1165;Труба металлопл. 20 хол.вода  шовная 100м;20;
1166;Уголок 1/2 ВВ новый;24,5;
1167;Уголок 1/2 ВН новый;24;
1168;Уголок 1/2 ММ;50,5;
1169;Уголок 1/2 НН новый;23;
1170;Уголок диам 15;13;
1171;Уголок диам. 20;19;
1172;Уголок диам. 25;27;
1173;Уголок ДУ 32;48;
1174;Фиксатор для мет.пл.тр. 20 (Рос);1,6;
1175;"Фильтр мех. очистки 1/2""";79;
1176;"Фильтр мех. очистки 3/4""";104;
1177;Фум гель 6мл;44;
1178;"Хомут ""Норма"" 08-12мм";12,6;
1179;"Хомут ""Норма"" 10-16мм";12,5;
1180;"Хомут ""Норма"" 12-18мм";13;
1181;"Хомут ""Норма"" 12-22мм";13,1;
1182;"Хомут ""Норма"" 16-27мм";13,7;
1183;"Хомут ""Норма"" 20-32мм";13,9;
1184;"Хомут ""Норма"" 25-40мм";15,7;
1185;"Хомут ""Норма"" 30-45мм";15;
1186;"Хомут ""Норма"" 35-50мм";16,5;
1187;"Хомут ""Норма"" 40-60мм";16;
1188;"Хомут ""Норма"" 50-70";17;
1189;"Хомут ""Норма"" 60-80мм";18,5;
1190;Хомут 2,5*100 пластик;12;
1191;Хомут 2,5*150 пластик;16,5;
1192;Хомут 2,5*200 пластик;29;
1193;Хомут 3,6*150 пластик;33,5;
1194;Хомут 3,6*200 пластик;45;
1195;Хомут оцинк. 12-18мм;7,8;
1196;Хомут оцинк. 12-22мм;8;
1197;Хомут оцинк. 16-27мм;8,1;
1198;Хомут оцинк. 20-32мм;8,2;
1199;Хомут оцинк. 25-40мм;7,5;
1200;Хомут оцинк. 32-50мм;10,5;
1201;Хомут оцинк. 40-56мм;11,15;
1202;Хомут оцинков. 50-70мм;12,3;
1203;Хомут Спарта  14-27мм 5шт;23;
1204;Хомут Спарта 18-25мм;22;
1205;Шланг д/душа 150см имп-имп;76;
1206;Шланг д/душа 150см имп-рус;70;
1207;Шланг д/душа 150см рус-рус;58,1;
1208;Шланг заливной 2,5м;84;
1209;Шланг сливной для стиральной машины 1м;40;
1210;Штуцер 1/2 *10 Н новый;13,5;
1211;Штуцер 1/2 М д 12 новый;14;
1212;Штуцер 1/2 Н д 14мм новый;15,5;
1213;Штуцер 1/2*14 М новый;15;
1214;Фурнитура;;
1215;Крючки;;
1216;Крючки 2шт 440075;9,5;
1217;Крючки 2шт 440079;7;
1218;Крючки блистере 6пр.;25;
1219;Крючки вязальные;27;
1220;Крючки на лип. 2шт. 440146;11,5;
1221;Крючки на планке 2*3;36;
1222;Крючок  КВ-2 бронза;14,5;
1223;Крючок 1001 хром;14;
1224;Крючок 1007 бронза;11,5;
1225;Крючок 1007 золото;16;
1226;Крючок 1007 хром;11,5;
1227;Крючок 231 белый;11;
1228;Крючок 231В золото;11;
1229;Крючок 231В медь;11;
1230;Крючок 231В хром;10,5;
1231;Крючок 513 белый;21;
1232;Крючок 513 золото;23,5;
1233;Крючок 513 медь;21;
1234;Крючок 513 хром;21;
1235;Крючок 609 С золото/70*;14;
1236;Крючок 609М золото/80*;10,5;
1237;Крючок 609М хром;10,5;
1238;Крючок 843 белый;16;
1239;Крючок 843 золотой;16;
1240;Крючок 843 хром;16;
1241;Крючок ветровой КР-100 цинк;11;
1242;Крючок вешалка №11;34;
1243;Крючок вешалка №12;28;
1244;Крючок вешалка №2;7,5;
1245;Крючок вешалка №3;12,5;
1246;Крючок вешалка №7;7,8;
1247;Крючок гардинный /50*;14;
1248;Крючок дверной КД 75 цинк;11,5;
1249;Крючок дверной КД цинк;23;
1250;Полкодержатель 2шт.;25;
1251;Навесы;;
1252;Навес KORAL пр.3 х2,5 х 2 (золото) Левая /2*;31;
1253;Навес KORAL пр.3 х2,5 х 2 (золото) Правая /2*;31;
1254;Навес KORAL пр.3*2,5*2 золото;32;
1255;Навес KORAL пр.3х2,5х2 (белый) /2*;32;
1256;Навес KORAL пр.4х3х2  Левая /2*;41;
1257;Навес KORAL пр.4х3х2  Правая /2*;41;
1258;Навес KORAL пр.4х3х2 (белая) /2*;39;
1259;Навес KORAL пр.4х3х2 (золото) /2*;39;
1260;Навес KORAL пр.4х3х2 (хром) /2*;39;
1261;Навес KORAL пр.4х3х3 (золото) /2*;50;
1262;Навес KORAL пр.4х3 х 3 (хром/2*;50;
1263;Навес KORAL пр.5х3х2 (белый) /2*;47;
1264;Навес KORAL пр.5х3х2 (золото) /2*;47;
1265;Навес KORAL фиг.3х2,5х2 (золото) /2*;36;
1266;Навес KORAL фиг.3х2,5х2 (хром) /2*;36;
1267;Навес KORAL фиг.4х3х2 (белая) /2*;43;
1268;Навес KORAL фиг.4х3х2 (золото) /2*;46;
1269;Навес KORAL фиг.4х3х2 (хром) /2*;43;
1270;Навес KORAL фиг.5х3х2 (белый) /2*;49;
1271;Навес KORAL фиг.5х3х2 (хром) /2*;49;
1272;Петля 110 левая;18,5;
1273;Петля 110 правая;18,5;
1274;Петля 130 левая Кунгур;21;
1275;Петля 130 правая Кунгур;21;
1276;Петля 62,5мм золото/20* штука;5;
1277;Петля 85 левая;14;
1278;Петля 85 правая;14;
1279;Петля гаражная д 18 100мм с шариком;33;
1280;Петля гаражная д 20 110мм с шариком;39;
1281;Петля гаражная д 30 140мм с шариком;83;
1282;Петля гаражная д 32 140мм с шариком;88;
1283;Петля мебельная наружная /100*;14;
1284;Петля накладная ПН-40 Кунгур;4,5;
1285;Петля накладная ПН-60 Нытва;7;
1286;Петля рояльная (500 мм) без покрытия;21;
1287;Петля-стрела ПС 130;23;
1288;Петля-стрела ПС 160;24;
1289;Петля-стрела ПС-210 Кунгур;26,5;
1290;Петля-стрела ПС-250;28;
1291;Петля-стрела ПС-290 Кунгур /30*;52;
1292;Петля-стрела ПС-370 (б.покр);86;
1293;Петля стрела ПС-420;90;
1294;Петля-стрела ПС-500 б/п;99;
1295;Петля-стрела ПС 600;110;
1296;Пластина крепежная 100*35*2,0 ГОЦ;5,5;
1297;Пластина крепежная 140*55*2,0 ГОЦ;10;
1298;Пластина крепежная 180*65**2,0 ГОЦ;15,5;
1299;Пластина крепежная 210*90*2,0 ГОЦ;22,5;
1300;Уголок крепежный 135*70*70*55*2,0 ГОЦ;10,5;
1301;Уголок крепежный 135*90*90*65*2,0 ГОЦ;16,5;
1302;Уголок крепежный 70*70*55*2,0 ГОЦ;11,5;
1303;Ручки;;
1304;Замок мебельный 303;17;
1305;Ручка дверн. РДК 115 ант/бронза кнопка;48,5;
1306;Ручка кнопка 2881 золото;13;
1307;Ручка кнопка 2881 хром;13;
1308;Ручка кнопка ДРК-2Б Снежинка;31,5;
1309;Ручка меб. кнопка Букетик;21;
1310;Ручка меб. кнопка Роза;21,5;
1311;Ручка меб. скоба  Ажур;37;
1312;Ручка меб. скоба Лира;18,5;
1313;Ручка мебельная 2001-96 золото;19,5;
1314;Ручка мебельная 2001-96 мат. хром;16,5;
1315;Ручка мебельная 2001-96 хром;16,5;
1316;Ручка мебельная 2058-96 хром золото;17;
1317;Ручка мебельная 2058-96 хром хром;17;
1318;Ручка мебельная 207-96 светл.;12;
1319;Ручка мебельная 2077-96 зол./мат;23,5;
1320;Ручка мебельная 2077-96 хром/ матов.;23,5;
1321;Ручка мебельная 211С-96 белая;6,5;
1322;Ручка мебельная 211С-96 золото;6,5;
1323;Ручка мебельная 211С-96 хром;6,5;
1324;Ручка мебельная 2137-96 хр/зол;12;
1325;Ручка мебельная 2137-96 хр/хр;12;
1326;Ручка мебельная 3059-96 золото;15,5;
1327;Ручка мебельная 3059-96 хром;15,5;
1328;Ручка мебельная 8627-96 зол./60*;19,1;
1329;Ручка мебельная бронза Гламур 12см;30,5;
1330;Ручка мебельная бронза Изыск 7см;14,5;
1331;Ручка мебельная бронза Фараон 15,5см;22;
1332;Ручка мебельная Дельфин 8705-96 хром;18;
1333;Ручка мебельная медь Бамбук 6см;14,8;
1334;Ручка мебельная медь Лилия 12,5см;22,5;
1335;Ручка мебельная медь Лора 7,5см;14,7;
1336;Ручка-кнопка 3024 золото;14;
1337;Ручка-кнопка 3024 хром;14;
1338;Ручка-кнопка 306 белый;7,5;
1339;Ручка-кнопка 306 золото;7,5;
1340;Ручка-кнопка 306 хром;7,5;
1341;Ручка-скоба дер. РС 100-РС-Т;38;
1342;Ручка-скоба дер. РС-100-ТР;47;
1343;Ручка-скоба дер. РС-140 РС-Т;45;
1344;Ручка-скоба дер. РС-140-ТР;52;
1345;Ручка-скоба дер. РС-170-Т;55;
1346;Ручка-скоба дерев. РС-200Т;60;
1347;Ручка-скоба дер. РС-250Т;65;
1348;Ручка-скоба дер. РС 300Т;69;
1349;Ручка-скоба дерев РС-220 банная;81;
1350;Ручка-скоба дерев. РС-100-140 банная;78;
1351;Ручка-скоба РС-100-1 ант/белый/золото;53,5;
1352;Ручка-скоба РС-100-1 ант/белый/серебро;54;
1353;Ручка-скоба РС-100-1 ант/медь;53,3;
1354;Ручка-скоба РС-100-1 ант/серебро;53,7;
1355;Ручка-скоба РС-100-1-1 бел;53,1;
1356;Ручка-скоба РС-100-2 ант/бел/золото;53,15;
1357;Ручка-скоба РС-100-2 ант/бел/серебро декор.;54,5;
1358;Ручка-скоба РС-100-2 полимер;21;
1359;Ручка-скоба РС-100-3 цинк;16;
1360;Ручка-скоба РС-100-4 цинк;22,5;
1361;Ручка-скоба РС-68 пол;12,5;
1362;Ручка-скоба РС-80-2 бел к с5128;17;
1363;Ручка-скоба РС-80-2 бел. Б;20;
1364;Ручка-скоба РС-80-3 пол;18;
1365;Фурнитура;;
1366;Глазок дверной 200мм;10;
1367;Завертка цинк;8;
1368;Задвижка дверная ЗД-06 полимер;69;
1369;Задвижка дверная ЗД-09 полимер;67;
1370;Задвижка дверная. ЗД-02 полимер/20;64;
1371;Задвижка дверная. ЗД-02 цинк/20;56;
1372;Зажигалка;9,5;
1373;Зажим без кольца (200шт);260;
1374;Зажим д/штор с большим кольцом/100;195;
1375;Зажим д/штор со средним кольцом/100;185;
1376;Зажим на блистере (16шт);16,5;
1377;Зажим пласт. белый;105;
1378;Зажим с маленьким кольцом /100шт*;170;
1379;Засов дверной 70*100мм;65;
1380;Засов дверной 70*120мм;80;
1381;Засов дверной 70*85мм;59;
1382;Карабин 11*120;42;
1383;Карабин 12*140;43;
1384;Карниз струна (пластм. крючок) 10метр.;40;
1385;Карниз струна (пластм. крючок) 7метр.;35;
1386;Карниз струна 10метр (металл.крючок) /40*;53;
1387;Карниз струна 7метр (металл.крючок) /40*;48;
1388;Крепеж;4;
1389;Кронштейн д/полки 125*150;13,5;
1390;Кронштейн д/полки 150*200;15,5;
1391;Кронштейн д/полки 200*250;22;
1392;Кронштейн д/полки 250*300;31,5;
1393;Кронштейн д/полки 300*350;38,5;
1394;Линейка 1м;72;
1395;Линейка железная 50см;23;
1396;Мультиметр 83;240;
1397;Мультиметр цифровой 182;163;
1398;Накладка дверная НД б/п;12,5;
1399;Накладка дверная НД цинк;14;
1400;Накладка дверная НД-1(цинк);18;
1401;Накладка дверная НДА б/п;23;
1402;Накладка НД1 пол.;22;
1403;Накладка НДА полимер;28;
1404;Накладка НДА цинк;25;
1405;Проушина  18*50 прямая за пару;4;
1406;Проушина 30*100 цинк прямая пара;15;
1407;Проушина 30*75 гнутое пара;16;
1408;Проушина 40*75 угловая пара;12;
1409;Проушина гнутая 30*40 цена за пару;16,5;
1410;Проушина прямая 70х30 б/покр (2шт);9;
1411;Проушина угловая 18*50 никель  (2шт);5;
1412;Пружина дверная 280/24мм/30* цинк;49;
1413;Пружина дверная 280мм/18,5 мм(Цинк);33;
1414;Пружина дверная 280мм/18.5мм;27;
1415;Пружина дверная 30мм цинк;60;
1416;Пружина дверная 30мм;56,5;
1417;Пружина черная;42;
1418;Уголок мебельный 25*25;2,5;
1419;Уголок мебельный 26*26;3,1;
1420;Уголок мебельный 28х28 (б/покр.) фасов.;3,5;
1421;Уголок мебельный 30*30 цинк/500;3,6;
1422;Уголок мебельный 32*32 цинк/400;4,1;
1423;Уголок оконный без покр 100*100;2,2;
1424;Уголок оконный без покр 50*50;1,5;
1425;Уголок оконный без покр 75*75;2;
1426;"Уровень 100 см Ермак ""Рельс""";144;
1427;Уровень 120см Ермак Рельс;154;
1428;Уровень 150см Ермак Рельс;206;
1429;Уровень 180см Ермак Рельс;190;
1430;Уровень 200см Ермак Рельс;261;
1431;Уровень 40см Ермак Рельс;73;
1432;"Уровень 60 см  Ермак ""Рельс""";91;
1433;Уровень 80см Ермак  Рельс;132;
1434;Уровень лазер;520;
1435;Уровень с фронтальным глазком 40см;116;
1436;Уровень с эргоном с ручками 100см Ермак;260;
1437;Уровень с эргоном с ручками 120см;324;
1438;Уровень с эргоном с ручками 180см;390;
1439;Уровень с эргоном с ручками 200см;481;
1440;Уровень с эргоном Ермак с ручками 60см;172;
1441;Уровень с эргоном с ручками 80см Ермак;232;
1442;Уровень строительный  80 см;100;
1443;Уровень строительный 100 см;134;
1444;Уровень строительный 40см;63;
1445;Уровень строительный 60 см;78;
1446;Фиксатор дверн с шариком золото /2*;18,5;
1447;"Шпингалет 2"" золото";21,5;
1448;"Шпингалет 2,5"" золото";22,5;
1449;"Шпингалет 2,5"" хром/50*";22,5;
1450;Шпингалет 807В золото;19;
1451;Шпингалет ЗТ 1 цинк;9,5;
1452;Шпингалет ЗТ 3 полимер;16;
1453;Шпингалет ЗТ полимер;14;
1454;Шпингалет ЗТ с ц.дв. цинк;13;
1455;Шпингалет ЗТ1 с ц. дв. цинк;11;
1456;Шпингалет ЗТ4 цинк;11,5;
1457;Шпингалет ЗТЗ цинк;13,5;
1458;Хозтовары;;
1459;Малярное;;
1460;Валик 100 поролон;33,5;
1461;Валик 150  искусств. мех;30,5;
1462;Валик 150мм поролон без шва;36;
1463;Валик 180мм Гирпаинт;75;
1464;Валик 180мм Микрофибра;60;
1465;Валик 180мм тигр;62;
1466;Валик 200 поролон;41;
1467;Валик 250 поролон;44;
1468;Валик прижимной 40 мм резиновый;34;
1469;Валик 180мм прижимной д/обоев;80;
1470;Валик для обоев прижимной 150мм;57;
1471;Валик из натур. меха Ягненок 100мм;32;
1472;"Валик натур. мех ""Ягненок"" 150мм";35,5;
1473;Валик из натур. меха Ягненок 200мм;38,5;
1474;Валик из натур. меха Ягненок 250мм;42;
1475;Валик сменная насадка 250мм;16;
1476;Валик сменный 150мм;13;
1477;Валик сменный 200мм;14;
1478;Ванна д/краски средняя;32,5;
1479;Ванна д/краски 330*350;57;
1480;Изв. паста;160;
1481;Известь 3кг.;32;
1482;Кисть Бабка 63 мм;18,5;
1483;Кисть Внучка 50 мм;16,5;
1484;Кисть Дедка 75 мм;28;
1485;Кисть Жучка 38 мм;12;
1486;Кисть Кошка 25 мм;7,5;
1487;Кисть круглая;80;
1488;Кисть круглая 35мм;12,5;
1489;Кисть круглая 40мм;17,5;
1490;Кисть круглая 45мм;26;
1491;Кисть круглая 50мм;38;
1492;Кисть круглая 55мм;47;
1493;Кисть круглая 60мм/6* №18;55;
1494;Кисть круглая 65мм;70,5;
1495;Кисть круглая 70мм;65;
1496;Кисть Мышка 20 мм;5;
1497;Кисть радиаторная /12*;22;
1498;Кисть Репка 100 мм;40;
1499;Кисть стандарт 100мм;33,5;
1500;Кисть стандарт 125мм;45;
1501;Кисть стандарт 20мм;4;
1502;Кисть стандарт 25мм;8;
1503;Кисть стандарт 38 мм;11;
1504;Кисть стандарт 50мм;16;
1505;Кисть стандарт 63мм;18;
1506;Кисть стандарт 75мм;25;
1507;"Кисть флейцевая 1,5"" 38мм";7;
1508;Кисть Эксклюзив 100мм;88;
1509;Кисть Эксклюзив 25мм;10;
1510;Кисть Эксклюзив 38мм;21;
1511;Кисть Эксклюзив 50мм;36,5;
1512;Кисть Эксклюзив 63мм;53;
1513;Кисть Эксклюзив 75мм;61;
1514;Кисть-макловица 100х30мм натур.щетина пл. корпус /6*;39;
1515;Кисть-макловица 120х30мм натур.щетина пл. корпус /6*;46;
1516;Кисть-макловица 140*40мм;75;
1517;Кисть-макловица 150*50мм;90;
1518;Кисть-макловица 30*70мм;29;
1519;Клей д/обоев 150г;14;
1520;Клей обойный 300гр;22,5;
1521;Клей жидкие гвозди универс 400г;113;
1522;Клей обойный  ЭКОН Виниловый 200гр;63;
1523;Клей обойный  ЭКОН Универсальный 200гр;58;
1524;Малярный карандаш;2,3;
1525;Мастерок бетонщика;75;
1526;Мастерок печника;74;
1527;Мастерок штукатура 200мм;76;
1528;Миксер д/ краски и штукат. смесей;92;
1529;Миксер д/ краски и штукат. смесей;52;
1530;Миксер д/краски 8*60*400мм;42;
1531;Миксер д/краски 8*80*400;45;
1532;Набор шпателей 40-60-80 мм (белая);44;
1533;Набор шпателей 40-60-80мм 3шт. черная резина;38,5;
1534;Очиститель;78;
1535;Очиститель Аквафоам;85;
1536;Очиститель д/пены Омск;90;
1537;Пена бытов МАКРОФЛЕКС 750мл;207;
1538;Пена бытовая Аквафоам 570гр;133;
1539;Пена бытовая Омск;132;
1540;Пена бытовая Пиппо 520гр;124;
1541;Пена монтажная Мастикс про 65;175;
1542;Пена монтажная проф. Аквафоам;165;
1543;Пена Омск проф. ВН;190;
1544;Пена проф Мастикс 850мл;140;
1545;Пена проф. МАКРОФЛЕКС 800мл;215;
1546;Пена проф. Момент/16*;205;
1547;Скотч двустор. 50мм*25м;114;
1548;Скотч двусторон. 48мм*5м;24,5;
1549;Скотч двухстор. 50мм*5м;28;
1550;Скотч двухсторон. 38мм*5м;20,5;
1551;Скотч малярный 38мм*10м /42*;11;
1552;Скотч малярный 50мм 10м/6*/36*;14;
1553;Скотч прозр. 48мм*120м/6*/36*;57;
1554;Скотч прозр. 48мм*18м/6*/36*;11,5;
1555;Скотч прозр. 48мм*25м/6*;15,5;
1556;Скотч прозр. 48мм*36м/6*/36*;20;
1557;Скотч прозр. 48мм*45м/6*36*;24;
1558;Скотч прозр. 48мм 50м/6*36*;26;
1559;Шпатель 100мм;14;
1560;Шпатель 100мм 683045;29;
1561;Шпатель 100мм полир. 683004;67;
1562;Шпатель 125мм 683005;58;
1563;Шпатель 150мм 683006;72;
1564;Шпатель   150мм нержав. полир. с пласт ручкой/12*;31,5;
1565;Шпатель 200мм 683021;42;
1566;Шпатель 250мм пласт. 683022;54,5;
1567;Шпатель 250мм пласт. 683037;42;
1568;Шпатель 25мм 683047;19;
1569;Шпатель 300мм 683023;62;
1570;Шпатель 300мм пласт. 683038;49,5;
1571;Шпатель 350мм 683041;48;
1572;Шпатель 40мм 683042;18,5;
1573;Шпатель 50мм 641068;40;
1574;Шпатель 50мм 683048;21;
1575;Шпатель 50мм нержавеющий с дерев. ручкой /12*;8;
1576;Шпатель 600мм пласт.;139;
1577;Шпатель 60мм 683049;22;
1578;Шпатель 60мм нержавеющий с дерев. ручкой /12*;9;
1579;Шпатель 75мм 683050;24;
1580;Щиток защитный 280*230мм;176;
1581;Щиток защитный 300*200мм;173;
1582;Хозтовары;;
1583;Антинакипин;7;
1584;Ароматизатор бумажный;13;
1585;Ароматизатор гелевый/18*;30;
1586;Ароматизатор Лаванда;73;
1587;Ароматизатор Летний бриз;72;
1588;Ароматизатор Насыш. мускус;186;
1589;Ароматизатор под сиденье;89,5;
1590;Ароматизатор фреско /24шт;59;
1591;Бензин 133мл;45;
1592;Бензин круглый;14,5;
1593;Бигуди 6шт;44,5;
1594;Бигуди набор 10шт;46;
1595;Брелок Романтика;11;
1596;Брелок Сердце с подсветкой;9,5;
1597;Булавки;7;
1598;Булавка 500шт;77;
1599;Булавка англ.  в коробочке;9,6;
1600;Булавка на карте;29;
1601;Бумага д/выпечки;33;
1602;Ватные палочки  Chicco;14;
1603;Ватные палочки в круглой упаковке 70шт.;6;
1604;Ведро 10л АМПАРИ  пищевое пласт без крышки;66,5;
1605;Ведро 10л АМПАРИ  пищевое пласт с крышкой;83;
1606;Ведро 12 л с отжимом  круглое;138;
1607;Ведро 12л ПОДОЙНИК нерж;315;
1608;Ведро 8л с отжимом;78;
1609;Веревка 10м х/б;12;
1610;Веревка х/б 16м;18;
1611;Веревка х/б 20м;22;
1612;Веревка Беларусь 18 м  цветная;18,5;
1613;Веревка капрон 30м;56;
1614;Веревка капрон. нейлон 20м;41,5;
1615;Веревка льнопеньковая 10м 10мм;138;
1616;Веревка льнопеньковая 10м 12мм;155;
1617;Веревка льнопеньковая 6м 10мм;83;
1618;Веревка рыболовная 25м.;39;
1619;Ветта вилка столовая 6пр;123;
1620;Ветта ложка столовая 6пр;121;
1621;Ветта ложка чайная 6пр;72;
1622;Ветта Нож столовый 3пр.;85;
1623;Воронка Мега;5,5;
1624;Газ 210мл;32,5;
1625;Газ д/зажигалок 140мл;22,5;
1626;Газ для зажигалок 270мл;31,5;
1627;Газ д/зажигалок  ПРЕМИУМ;30;
1628;Газ д/плиток следопыт /12*;39;
1629;Галицы брезент. /20*;36;
1630;Галицы брезент. наладон.;26;
1631;Галицы суконные;80;
1632;Галицы утепленные х/б;47;
1633;Галицы х/б с наладонником;24,5;
1634;Горелка большая;68;
1635;Горелка маленькая с регулятором;60;
1636;Горелка с пьезо 101/15*;195;
1637;Губка авто  Pitstop;20;
1638;Губка авто двухслойная;21,5;
1639;Губка авто. прямоуг;22,5;
1640;Губка блеск с кремом;11;
1641;Губка д/обуви 2ой блеск б/ц;11;
1642;Губка д/обуви SILICONE+WAX черная;15,5;
1643;Губка д/обуви д/замши;35,5;
1644;"Губка д/посуды ""Кухончик"" 3шт/100*";53;
1645;"Губка д/посуды ""Профи 2"" 2шт донна белла";9,5;
1646;"Губка д/посуды ""Профи"" 1шт донна белла";12,5;
1647;Губка д/посуды 4шт.золото;28;
1648;Губка Ерк 10шт;18;
1649;Губка Ерк 5шт;19,5;
1650;Губка д/посуды круглая 1шт;12,5;
1651;Губка д/посуды меламин.;18;
1652;Губка д/посуды метал. в сетке;42;
1653;Губка металл на листе 15гр;60;
1654;Губка д/посуды металл. с ручкой/4*;43;
1655;Губка д/посуды медь 2шт.;14;
1656;Губка д/посуды тефлоновая на листе;85;
1657;Губка д/посуды Тефлончик;32;
1658;Губка д/посуды хоз. макси плюс 5 шт/40*;12,5;
1659;Губка д/посуды Хозяюшка 3шт. Люкс;22,5;
1660;Губка д/посуды Хозяюшка в пластике Кактус 2шт;24;
1661;Губка д/посуды Хозяюшка  Дуэт 2шт.;13,5;
1662;Губка д/посуды Хозяюшка комфорт;28;
1663;Губка д/посуды Хозяюшка макси 10шт.;31;
1664;Губка д/посуды Хозяюшка макси 5шт.;17;
1665;Губка д/посуды Хозяюшка 10шт. миди;22;
1666;Губка д/посуды Хозяюшка миди 5шт.;12;
1667;Губка д/посуды Хозяюшка пластик. 3шт.;15;
1668;Губка д/посуды Хозяюшка поролон+металл ватрушка;15,5;
1669;Губка д/посуды Хозяюшка супер комфорт 2шт.;17,5;
1670;Губка д/тела Бантик 3х цветн.;12,5;
1671;Губка д/тела Бантик с массажным слоем 1шт.;19;
1672;Губка д/тела Бантик с профильным массажным слоем;20;
1673;Губка д/тела Бантик;14,5;
1674;Губка д/тела детская;14,5;
1675;Губка д/тела Массажная;33;
1676;Губка д/тела Облачко;20;
1677;Губка д/тела Овал трехцветн. 1шт.;11,5;
1678;Губка д/тела Овал;21;
1679;Губка д/тела прямоуг. 3х цветн.;10,5;
1680;Губка д/тела прямоуг. с массаж. слоем Хозлайн;12;
1681;Губка д/тела прямоуг. с проф. слоем Хозлайн;12,5;
1682;Губка д/тела прямоуг. Хозлайн;11;
1683;Губка д/тела Ромашка;14;
1684;Губка д/тела Слышь!Потри спинку К/злючка;7;
1685;Губка д/тела Шкуродер;39,5;
1686;Губка д/уборки помещений 1шт;18;
1687;Губка д/швабры;45;
1688;Дождевик;19,5;
1689;Дождевик на кнопках;46;
1690;Дождевик пончо;24;
1691;Доска Ветта Груша;65;
1692;Доска Ветта Перчик;66;
1693;Доска Ветта Рыбка;40;
1694;Доска Ветта Яблоко;39,5;
1695;Доска Ветта Ягодка;39;
1696;Доска дерево круглая;60;
1697;Доска раздел.  дерево прямоуг с ручкой 851001;70;
1698;Доска раздел. стекло 20*30*0,4;55;
1699;Доска разделочная VETTA прямоуг.с ручкой дерево 851009;124;
1700;Емкость мерная 0,5;93,5;
1701;Зажигалка;7,5;
1702;Замазка/100*;6;
1703;Зеркало Ассорти;11;
1704;Зеркало настольное ажурное квадрат;49;
1705;Зеркало настольное сердце ажурное;74;
1706;Зеркало настольное фото рамка;55;
1707;Зеркало настольное Царское;77;
1708;"Зубочистка ""Комфи"" 180шт/100*";8,5;
1709;Зубочистки 100шт/240/10*;5,5;
1710;Зубочистки грифон/12*/480;7;
1711;Зубочистки Комфи 500шт/48/6*;25;
1712;Зубочистки Экстра 80шт/240*;5;
1713;Канифоль /10*;13;
1714;Кантарь 10кг;17,5;
1715;Кантарь 10кг;20;
1716;Кантарь 20кг;78;
1717;Кантарь 25кг;61,5;
1718;Карты 36 л/10шт;5,5;
1719;Карты 54шт;9;
1720;Карты гадальные цыганские;8,5;
1721;Кислота паяльная 30мл пластик;9,5;
1722;Клей Момент 88;34;
1723;Клей Момент Кристалл 30 мл;33;
1724;Клей МОМЕНТ МАКСИ;137;
1725;Клей Момент Марафон обувной 30 мл;32;
1726;Клей Момент резиновый;37;
1727;Клей Момент универс. 125 мл.;71;
1728;Клей МОМЕНТ универсальный;31,5;
1729;Клей Монолит АВИОРА на карте;69;
1730;Клей гель МОНОЛИТ;18;
1731;Клей универсальный МОНОЛИТ 15гр;10;
1732;Клей Супер Момент;47;
1733;Клей Супер на карте Лефан /12*;76;
1734;Клей Супер на карте Китай;42;
1735;Клей Эпоксидный ЭДП 100гр;51;
1736;Клей Эпоксидный Экстра 60гр;36;
1737;Ключ д/винтовых крышек;36,5;
1738;Коврик д/ванной акрил Водоросли 50*80;199;
1739;Коврик д/ванной акрил Цветы 50*80;232;
1740;Коврик д/приготовления;114;
1741;Комплект д/сауны белый;189;
1742;Контейнер 0,45 прямоуг;15;
1743;Контейнер квадр. 0,46мл;14;
1744;Контейнер квадр. 0,95л;21;
1745;Контейнер квадр. 1,5л;32;
1746;Контейнер квадр. 2,5л;45;
1747;Контейнер круглый 0,33;19;
1748;Контейнер на защелках 13,4*13,4;66;
1749;Контейнер набор  квадр. 4шт 0,45мл;52;
1750;Контейнер прям 0,9л;23,5;
1751;Контейнер прям 1,9л;41;
1752;Контейнер прям набор 3шт;114;
1753;Контейнер прям набор 3шт;74,5;
1754;Контейнер прямоуг. 3пр 845094;65;
1755;Копилка сердечко 9*9 маленькая;59;
1756;Корзина 17см;59;
1757;Крем для обуви корич.;10,5;
1758;Крем для обуви Элегтон Макси черный;10,5;
1759;Крем водоот. пропитка;130;
1760;Крем д/обуви краска для замши;36,5;
1761;Крем д/обуви парло;26;
1762;Крем д/обуви ситил;24;
1763;Крем д/обуви Эффектон с губкой;16,5;
1764;Крем Сильвер для обуви коричневый /12*;33,5;
1765;Крем Сильвер для обуви черн.;33,5;
1766;Крышка для СВЧ;34;
1767;Крышка для слива;3,2;
1768;Крышка ОДЕССА ЦВЕТНАЯ СОВСЕМ ЭЛИТНАЯ/500*;2,3;
1769;Крышка Одесса ПРОСТАЯ ЦВЕТНАЯ;1,6;
1770;Крышка пластмасс.;1,8;
1771;Крышка Твист 58мм;2,5;
1772;Крышка Твист 82 /20*240*;2,8;
1773;Крышка Твист 89 мм/320*;5,5;
1774;Ложка д/обуви металл. цв. 110мм;12;
1775;Ложка д/обуви 200мм;16;
1776;Ложка д/обуви 300мм;26;
1777;Ложка д/обуви 500мм;39;
1778;Лопата снег. детская;22,5;
1779;Лопата снег. детская малая №25;25;
1780;Лопатка бамбук;12;
1781;Лопатка дерев. набор;25;
1782;Лупа увеличительная 100мм;41;
1783;Лупа увеличительная 50 мм.;13;
1784;Лупа увеличительная 60мм;17;
1785;Лупа увеличительная 75мм;25;
1786;Лупа увеличительная 90мм/10*;26;
1787;Магнит;1;
1788;Магнит Десерт;27;
1789;Магнит мебельный;8;
1790;Магнит на холодильник со стикерами;26;
1791;Магнит рулет;25;
1792;Магнит с блокнотом С новым годом;25;
1793;Магнит Чизкейк;34;
1794;Масло бытовое смазочное /40*;19,5;
1795;Машинка закаточная автомат Киров;235;
1796;Машинка закаточная автомат Машенька;195;
1797;"Машинка закаточная п/автомат ""Лёс""";228;
1798;Машинка закаточная полуавтомат ВА2153Н;138;
1799;Машинка закаточная улитка Минск;137,5;
1800;Мельница д/чеснока;16,5;
1801;Метла полипроп. 180*300мм плоская;87;
1802;Метла полипроп. 200*300мм плоская;114;
1803;Метла полипроп. 240*160мм распушеная;110;
1804;Метла полипроп. 270*260мм веерная;91;
1805;Метла полипроп. 270*260мм распушеная;113;
1806;"Метла с черенком ""Радуга""";150;
1807;Мешки д/заморозки;13;
1808;Мешки д/мусора 120л/25шт рулон ПВД;77;
1809;Мешки д/мусора 30л/30шт рулон ПВД;29,5;
1810;Мешки д/мусора 60л/25шт рулон ПВД;49,5;
1811;Мешки д/мусора Васек 30л/30шт с ручками;24,5;
1812;Мешки д/мусора Васек рулон;25;
1813;Мешки д/мусора Дружок 20л/50шт рулон;21;
1814;Мешки д/мусора Дружок 30л/30шт рулон;17,5;
1815;Мешки д/мусора Дружок 30л/50шт рулон/100*;27,5;
1816;Мешки д/мусора Ёлка 30л/30шт рулон;26;
1817;Мешки д/мусора Кенго 30л/30шт с ручками;29;
1818;Мешки д/мусора Кенго рулон;28;
1819;Мешки д/мусора Премьер 20л/30шт  ручками;18;
1820;Мешки д/мусора Хозяюшка 120л/10шт рулон;45;
1821;Мешки д/мусора 20л/30шт рулон Хозяюшка;17,5;
1822;Мешки д/мусора Хозяюшка 30л/30шт особопрочные;28;
1823;Мешки д/мусора Хозяюшка 60л/20шт;25,5;
1824;Миска с крышкой 1,2л с ягодками;39;
1825;Миска с крышкой 2,1л;49;
1826;Миска с крышкой 3,2л;74;
1827;Миска с крышкой 3,2л с ягодками;73;
1828;Миски набор  с крышками 3шт;156;
1829;Мочалка банный пояс;35;
1830;Мочалка без поролона;30;
1831;Мочалка варежка;13;
1832;Мочалка Веселые зверушки;43;
1833;Мочалка детская;37;
1834;Мочалка Зебрик;37;
1835;Мочалка Новогодняя ночь;51,5;
1836;Мочалка плотная вязаная;33;
1837;Мочалка Самара двойная;47;
1838;Мочалка Самара одинарная;35;
1839;Мочалка Самара с поролоном;29;
1840;Мочалка Семейная;51;
1841;Мочалка Узорная;38;
1842;Мыльница дорожная;9;
1843;Мыльница на присоске;60;
1844;Мыльница овал;6,5;
1845;Мыльница с крышкой цветная пластик;21;
1846;Мыльница с решеткой;12;
1847;Мясорубка А-6;330;
1848;Мясорубка А-8;345;
1849;Мясорубка г.Полтава;405;
1850;Мясорубка чугун. Мотор Сич;740;
1851;Набор игл;6;
1852;Набор игл;3,2;
1853;Набор игл;3,5;
1854;Набор игл  Ассорти;12;
1855;Набор игл 304;4,2;
1856;Набор игл д/слабовидящих;19;
1857;Набор игл Книжка 21шт;4;
1858;Набор игл ОГНИ Маяка;9;
1859;Набор игл РУШНИЧОК;9;
1860;Набор кисточек д/макияжа 5шт;46;
1861;Набор полотенец кух 3шт 43*69;109;
1862;Набор полотенец кух 3шт 46*71;129;
1863;Набор расчесок;17;
1864;Набор расчесок 4пр черные в коробке;126;
1865;Набор расчесок 5пр 356539;77;
1866;Набор расчесок 5пр на подставке;200;
1867;Набор расчесок(3), зеркало;60;
1868;Набор расчесок,зеркало , заколка 4пр;70;
1869;"Набор свечей ""СЕРДЦА"" 4шт";56;
1870;Набор сит;24;
1871;Насадка д/пульвика;11,5;
1872;Насадка д/швабры 444169;70;
1873;Насадка д/швабры 448016;78;
1874;Насадка д/швабры макси люкс;43;
1875;Насадка д/швабры МОП мега люкс;44,5;
1876;Насадка д/швабры салфетка 448019;105;
1877;Насадка на швабру макси;39;
1878;Насадка на швабру рунис;40;
1879;Нитки №10 белые//6*;14,5;
1880;Нитки №10 черные/5*;14,5;
1881;Нитки белые полиестр (10шт);18;
1882;Нитки цветные полиестр (10шт);18;
1883;Нитки черные полиестр (10шт);18;
1884;Нить рыболовная на катушке;15,5;
1885;Нить рыболовная в мотке;27;
1886;"Нож ""Пион 3,5"" антиналипание";39;
1887;"Нож ""Пион 5"" антиналип";46;
1888;"Нож ""Пион 6"" антиналип";56;
1889;"Нож ""Пион 7"" антиналип";84;
1890;"Нож 3,5"" дерев. ручка 803226";18;
1891;"Нож 3,5"" мрамор 803235";12;
1892;"Нож 4,5"" мрамор 803234";24;
1893;"Нож 6"" металл";22,2;
1894;"Нож 6"" мрамор 803232";27,5;
1895;"Нож 7"" металл";23;
1896;Нож №5 Tramontina 22902/005;42;
1897;Нож №6 Tramontina 22902/006;57;
1898;Нож №7 Tramontina 22902/007;59,5;
1899;Нож №8 Tramontina 22902/008;67;
1900;Нож №9 Tramontina 22902/009;79;
1901;"Нож Tramontina  овощной 5"" 871233";29;
1902;"Нож Tramontina для мяса 5"" 871354";378;
1903;Нож Tramontina для томатов;26;
1904;"Нож Tramontina набор 5"" мультиколор 871216";385;
1905;"Нож Tramontina набор. д/томатов 5""";420;
1906;"Нож Tramontina набор. овощной 3"" 871355";342;
1907;Нож д/ вырезания сердцевины яблока;21;
1908;Нож д/мясорубки крестик;8,5;
1909;Нож д/мясорубки лепесток;9,5;
1910;Нож д/сыра 882033;36;
1911;Нож для пиццы;39;
1912;Нож кух керам 803111;153;
1913;Нож кух керам 803112;182;
1914;Нож кух керам SATOSHI 803126;154;
1915;Нож кух керам SATOSHI 803127;213;
1916;Нож кух керам. 10см KATANA;149;
1917;Нож кух керам. 12,5см KATANA 803117;232;
1918;"Нож  Трамонтина овощной 3"" 23080/003";20,5;
1919;Нож кух.  Классик 14см РК 011 803213;19;
1920;Нож кух.  Классик 15см РК 009 803211;30;
1921;Нож кух.  Классик 20см РК008 803210;31,5;
1922;Нож кух.  Классик 7,6см РК 012 803214;13;
1923;"Нож кух. 9"" Wardaoju с открывашкой";31;
1924;"Нож кух. д/ резки овощей ""Топор"" Кисловодск";150;
1925;Нож кух. КИВИ 18см;17;
1926;Нож кух. синяя обрез. ручка 803781 №6;59;
1927;Нож кух. синяя обрез. ручка 803782 №7;61,5;
1928;Нож кухонный универс. д/капусты дерево;36;
1929;Нож склад. 118014;60;
1930;Нож склад. 118016;79;
1931;Нож складн. 18*8см;24;
1932;Нож складной  333200;66;
1933;Нож складной 333194 с кнопкой и фонариком;61;
1934;Нож складной 333195;65;
1935;Ножеточка +открывашка металл;19;
1936;Ножеточка 16см пластик;66;
1937;Ножеточка 4392;85,5;
1938;Ножеточка 884040;22;
1939;Ножеточка 884063;43;
1940;Ножеточка Рыбка;33;
1941;"Ножницы VETTA 6,5""";23;
1942;"Ножницы VETTA 7""";31,5;
1943;"Ножницы VETTA 7,5""";39;
1944;"Ножницы VETTA 8.5""";42;
1945;"Ножницы VETTA 9,5""";44;
1946;"Ножницы Ветта 5 1/4""";25,5;
1947;Ножницы д/овец /60*;90;
1948;Ножницы кухонные VETТA /12*;32;
1949;Ножницы маник. 0621-2;17;
1950;Ножницы Н-07 150мм;114;
1951;Ножницы Н*10 закройные;249;
1952;Ножницы парикмах. Н-05-2 180мм;115;
1953;Ножницы С-18 филировочные 160мм;186;
1954;Номер №5;9;
1955;Номер №7;9;
1956;Номер для дверей №0;9;
1957;Номер для дверей №2;9;
1958;Номер для дверей №3;9;
1959;Номер для дверей №4;9;
1960;Номер для дверей №69;9;
1961;Номер для дверей №8;9;
1962;Обивка д/дверей ватин;250;
1963;Обивка д/дверей поролон;235;
1964;Овощерезка бол;71,5;
1965;Овощечистка 229;58;
1966;Окномойка 444017;89;
1967;Окномойка 444018;45;
1968;Окномойка 444020;93;
1969;Органайзер 355*250*55;261;
1970;Открывашка дерево (Москва);16;
1971;Открывашка на магните;5;
1972;Пакет д/льда 216 кубиков;19,5;
1973;Палка для ванной 2,6м.;160;
1974;Палка для щетки. Ветта;46;
1975;Палка металл-пласт. 1100мм;31;
1976;Палка металл.;49;
1977;Палка телескопическая;70;
1978;Палочки д/коктейля;28;
1979;Папильотки 10шт;61;
1980;Паста Гои;12;
1981;Пельменница;60;
1982;Пемза 2х стор 2-27;16;
1983;Пемза 4х стор.;36;
1984;Пемза вулканичекская Лава;27;
1985;Пемза гамид;50;
1986;Пемза прям. 05К;9,5;
1987;Пемза с 25;38;
1988;Пемза терка;12;
1989;Пемза терка педикюр 002;20;
1990;Пергамент 5м;25;
1991;Перчатки Зима /10*/150 серые поштучно;26,5;
1992;Перчатки обрезин. черные;160;
1993;Перчатки резин латекс в коробке;280;
1994;Перчатки резин. по 3пары Хозяюшка;30,5;
1995;"Перчатки резиновые ""LOTUS"" (12шт)";23;
1996;Перчатки резин. Ветта;18,5;
1997;Перчатки резин. Ветта ПРЕМИУМ;26;
1998;Перчатки резин. Хозяюшка по паре;28,5;
1999;Перчатки х/б 10/4 с зеленью;90;
2000;Перчатки х/б Березка серые;99;
2001;Перчатки х/б Волна;136;
2002;Перчатки х/б обрезин. красные;105;
2003;Перчатки х/б Спец 14(8)размер черные;143;
2004;Перчатки х/б Спец 16(9) размер;154;
2005;Перчатки х/б Эконом;83;
2006;Пики Карты 35шт;14;
2007;Пики Сердечко 35шт;16;
2008;Пики шпаги 30шт;11;
2009;Пилочка д/ногтей металл;10,5;
2010;Пилочка д/ногтей металл;11,5;
2011;Пилочка д/ногтей стекло 140мм;19;
2012;Пластилин флуорен.;17;
2013;Пленка пищевая 20м;25;
2014;Плечики;8,5;
2015;Плечики д/брюк  Ветта;19;
2016;Плечики тонкие;5,5;
2017;Подложка;47;
2018;Подставка д/зубочисток;27;
2019;Подставка д/зубочисток Банка;24;
2020;Подставка д/зубочисток Бутылка;17;
2021;"Подставка под горячее ""День и ночь"" 15*15см";12;
2022;Подставка под горячее бамбук 14,5*14,5;22;
2023;Подставка под горячее бамбук 17см;33;
2024;Подставка под горячее бамбук 19*14;13,5;
2025;Подставка под горячее бамбук 19см;38;
2026;Подставка под горячее бамбук Камилла 15*15;14;
2027;Подставка под горячее бамбук Камилла 15см;10,5;
2028;Подставка под горячее керамика;62;
2029;Подставка силикон. д/противня;61;
2030;Полотенце 38*63;46;
2031;Полотенце д/посуды микрофибра;57;
2032;"Полотенце прессованное ""Цветочек"" 30*60см";26;
2033;Полотно неткан. 10м;320;
2034;Полотно нетканое 1,5м 70м;3250;
2035;Помазок д/бритья дерев. Eterma;24;
2036;Пресс д/чеснока 1005;110;
2037;Пресс д/чеснока 2164;45;
2038;Пресс д/чеснока 596;33;
2039;Припой 40 д-8;55;
2040;Припой ПОС 61 с канифолью;19;
2041;Прихватка 17*17см;24;
2042;Прихватка варежка;34;
2043;Прищепка 10шт;29,5;
2044;Прищепка 20шт;34;
2045;Прищепка 8шт;25;
2046;Прищепка бельев. пластик(40шт);46;
2047;Прищепка пластм. 24шт 4 цвета 166;29;
2048;Прищепки пластм.;31;
2049;Пульверизатор 0,3 маленький;16;
2050;Пульверизатор бочка.0,5;18,5;
2051;Пульки  /200*;58;
2052;Размораж.;23,5;
2053;Размораживатель СПРЕЙ;33,5;
2054;Рамка д/ номеров;75;
2055;Растяжка;36;
2056;Расческа;14;
2057;Расческа Chenda 939;9;
2058;Расческа Алмаз большая;28;
2059;Расческа Алмаз маленькая;26;
2060;Расческа Ветта 356-004;48;
2061;Расческа Ветта 356051;50;
2062;Расческа Ветта брашинг;23;
2063;Расческа Ветта брашинг;29,5;
2064;Расческа Ветта брашинг;48;
2065;Расческа Ветта брашинг дерево 356079;62;
2066;Расческа Ветта голубая 356076;22;
2067;Расческа Ветта мини 356020;40;
2068;Расческа гребень 22,5см;6;
2069;Расческа гребень с выпукл. узором 319015;16;
2070;Расческа гребень с ручкой 356507;22;
2071;Расческа гребень с ручкой металлик 319014;13,5;
2072;Расческа мелкие зубцы 356508;15,5;
2073;Расческа пластик 318003;67;
2074;Расческа пластик 318004;67,5;
2075;Расческа пластик 318005;57;
2076;Расческа пластик 318007;68;
2077;Расческа пластик массажная 356474;63;
2078;Расческа пластик массажная 356475;63,5;
2079;Расческа с хвостиком;1,25;
2080;Резинка бельевая Москва;16;
2081;Резинка широкая 1,6м;10;
2082;Резинка/24*;7,5;
2083;Решетка вент. 15*15;14;
2084;Решетка вент. люк 20*20;59;
2085;Решетка вент. люк 20*25;65;
2086;Решетка вент. люк 20*30;72;
2087;Решетка вентил люк 15*20;52,5;
2088;Решетка вентил. люк 150*150;42,5;
2089;Решетка вентил. 155*155 с москитной сеткой.;21;
2090;Решетка вентил. 170*170 с москитной сеткой.;39;
2091;Решетка вентил. 170*240 с москитной сеткой.;33;
2092;Решетка вентил. 185*255 с москитной сеткой.;44;
2093;Решетка вентил. круглая 160;20,5;
2094;Решетка д/мясорубки крупная;20;
2095;Решетка д/мясорубки мелкая;17;
2096;Ролик + 2 смен. блока;35,5;
2097;Ролик д/одежды;22;
2098;Ролик сменный;21;
2099;Рукав д/запекания;25;
2100;Салфетка 2х сторонняя;31;
2101;Салфетка Ажурная 30см беж золото;29;
2102;Салфетка бамбуковая с барх. поверхностью;35;
2103;Салфетка Ветта супервпитывающая;44;
2104;Салфетка д/тефлона 170*140 3шт.;20;
2105;Салфетка для стекла и зеркал;34,5;
2106;Салфетка Ерк;18;
2107;Салфетка из микрофибры;30;
2108;Салфетка из микрофибры в линейку;25,5;
2109;Салфетка набор 36шт в рулоне 20*40см;57;
2110;Салфетка набор пластик Сакура;71;
2111;Салфетка прозр.;31;
2112;Салфетка термо.;27;
2113;Салфетка тонкая;24;
2114;Салфетка универс. 7шт;30;
2115;Салфетка Хозяюшка вискоза  3шт;17,5;
2116;Салфетка Хозяюшка микрофибра;29,5;
2117;Салфетка целлюлоза;33,5;
2118;Салфетка-скраб хозяюшка 90*133мм 3шт.;13,5;
2119;Салфетка влажная Хозяюшка универс.;26;
2120;Салфетки д/ стеклокерам. плит Хозяюшка;38;
2121;Салфетки от Светки;45,5;
2122;Сантиметр 1,5м;5;
2123;Свеча д/торта цифра на блистере;12,5;
2124;Свеча хоз-ая;6,5;
2125;Свечи д/торта  24шт;10;
2126;Сетка овощная;3,8;
2127;Синька сухая /50* /100*;4;
2128;"Ситечко д/чайника ""яйцо""";12,5;
2129;"Сито 10"" с ручкой";42;
2130;"Сито 6"" с ручкой";17;
2131;"Сито 8"" с ручкой";27,5;
2132;Скалка;52;
2133;Скатерть с ажурн. каймой винил 479092;160;
2134;Скатерть ажурная 150-228;198;
2135;Скатерть виниловая;141;
2136;Скатерть жаккард 145*180;164;
2137;Скатерть кухон. одноразов.;15,5;
2138;Скатерть однотонная 137*274см;35;
2139;Скатерть патерра 110*200;49,5;
2140;Скатерть полиэт. 120*150;26;
2141;Скатерть полиэт. 120*220;37;
2142;Сковородник;10;
2143;Скотч прозр. 48мм*140м/6*;64;
2144;Скотч прозр. 48мм*40м /6*36*;21;
2145;Скотч прозр. 48мм*57м /6*/36*;30;
2146;Скотч прозр. 48мм 63м/6шт;31;
2147;Сменный блок д/роликов;23;
2148;Совок + щетка Ленивка;146;
2149;Совок + щетка Орнамент;89;
2150;Совок + щетка Практик;31;
2151;Совок + щетка с ручками Сердце;188;
2152;Совок +щетка Небесная лазурь;100;
2153;Совок д/мусора Декор;32;
2154;Совок д/мусора Клип;32,5;
2155;Совок д/мусора Лаура;25,5;
2156;Совок хоз металл зольный с длинной ручкой;42;
2157;Совок хоз металл.;41;
2158;Спиртомер;16;
2159;Стеклорез 2х ролик;44;
2160;Стеклорез 3х ролик.;65;
2161;Стеклорез 6ти роликовый;34;
2162;Стеклорез алмазный Ермак;36;
2163;Стеклорез с наполнителем;32;
2164;Стельки  с фольгой;36;
2165;Стельки влаговпитывающие;31,5;
2166;Стельки комфорт;28;
2167;Стельки с мехом;35,5;
2168;Стельки шерсть;38;
2169;"Сувенир ""Валентинка"" карандашница";65;
2170;"Сувенир ""Валентинка"" подставка";60;
2171;"Сувенир ""Валентинка"" шкатулка";70;
2172;"Сувенир ""Коровка"" /24";3;
2173;Сумка;33;
2174;Сумка хоз. Фруктовый рай;37,5;
2175;Терка 4х сторон. оранж обрез.;151;
2176;"Терка 9"" четырехгранник";37;
2177;Терка Ветта 4-х сторон 22см под дерево;135;
2178;Терка Ветта плоская 32110А;40;
2179;Терка Корейка дерево;52;
2180;Терка корейка пластм.;17;
2181;Термометр д/воды Лягушка/уточка;17;
2182;Термометр д/сауны +120;44,5;
2183;Термометр д/сауны +140;57;
2184;Термометр комнатный Комфорт;13,5;
2185;Термометр;27;
2186;Термометр уличный биметалл.;50;
2187;Термометр уличный;19;
2188;Топор кух. бол;125;
2189;Топорик кух. отбивной;74;
2190;Тряпка д/пола 60*70см белая;43,5;
2191;Тряпка д/пола белая 50*60см;20;
2192;Тряпка д/пола Мила серая;37;
2193;Тряпка д/пола софитекс;43;
2194;Тряпка для пола 80*100см;39;
2195;Тряпкодержатель Д-1 металл;76;
2196;Тряпкодержатель дерево;80;
2197;Утеплитель дверной;19;
2198;Утеплитель окон;19;
2199;Фасовка 100шт;16;
2200;Фасовка Экстра 100шт.;20,7;
2201;Фасовка Экстра 200шт.;40,5;
2202;Фасовка Экстра 500шт;95;
2203;Фасовка Экстра 50шт;11;
2204;Фасовка Экстра НОВАЯ 100шт;18;
2205;Фиксатор-липучка д/ковров;34,5;
2206;Фольга Саянская 10м /30*;39;
2207;Фольга Хозяюшка 5м;37;
2208;Фольга Хозяюшка 5м;36,5;
2209;Фоторамка Кракелюр 10*15;39;
2210;Фоторамка подвеска украшение;82;
2211;Футболка;310;
2212;Футляр д/ зубных щеток;13,5;
2213;Футляр д/зуб. щеток простой;9,5;
2214;Футляр д/очков 8022;57,5;
2215;Футляр для очков. Бабочки;63;
2216;Холодная сварка  (универ);32;
2217;Холодная сварка Алмаз 60гр.(авто);36;
2218;Холодная сварка Алмаз д/батарей и труб 55г;36;
2219;Холодная сварка Алмаз сталь;36;
2220;Холодная сварка Алмаз универс.;36;
2221;Холодная сварка для батарей и труб мастикс;32;
2222;Холодная сварка для сантехники мастикс;32;
2223;Холодная сварка металл/48*;32;
2224;Швабра ПВА 1ролик;142;
2225;Швабра ПВА 2ролика;180;
2226;Швабра с насадкой из микрофибры 444168;262;
2227;Швабра с насадкой металл 448015;217;
2228;Швабра с насадкой сталь;478;
2229;Шило с крючком;6,5;
2230;Шило сапожное;43,5;
2231;Шинковка дерево (с тремя ножами) ШК-4;315;
2232;Шинковка дерево с ручкой ШК;195;
2233;Шляпа д/сауны кокетка;95;
2234;Шляпа д/сауны эконом модель комбинированная;58;
2235;Шляпа д/сауны эконом модель кто парится....;117;
2236;Шнур №10 20м;170;
2237;Шнур №12 20м;234;
2238;Шнур №14 15м;230;
2239;Шнур №5 20м;34;
2240;Шнур №6 20м;50;
2241;Шнур №7 20м;72;
2242;Шнур №8 20м;110;
2243;Шнур металл 20м;37;
2244;Шнур металл 30м;61;
2245;Шнур хоз №3 10м;6;
2246;Шнур хоз. Хозяюшка 3мм 20м;22;
2247;Шнур хоз. Хозяюшка 3мм 25м;28,5;
2248;Шнур хоз. Хозяюшка 3мм L 15м цветной;17,5;
2249;Шнур хоз. Хозяюшка 4мм 15м;20;
2250;Шнур хоз. Хозяюшка 4мм  20м цветной;26,5;
2251;Шнур хоз. Хозяюшка 4мм 25м;33;
2252;Шпагат джутовый 100м;28;
2253;Шпагат джутовый 140м;31,5;
2254;Шпагат льнопеньковый 100м 1,25 ктэкс;38;
2255;Шпагат полипроп. 150м;31;
2256;Шпагат полипроп. 300м;61;
2257;Шпагат полипроп. 500м;101;
2258;Шпагат полипропил. 100м;21;
2259;Набор шпагатов полипропил. 6шт*60м;153;
2260;Шпагат х/б 100м 2,5мм;48;
2261;Штопор Ветта  металл  135;63,5;
2262;Штопор винт пластик;12;
2263;Штопор дер. ручка;17,5;
2264;Штопор металл 847;43;
2265;Штопор пласт. Ветта 216;81;
2266;Штопор пласт. ручка;14;
2267;Штопор с дерев. ручкой;5;
2268;Штопор с пласт. руч.;18;
2269;Штопор складн. винтовой;6;
2270;Штора д/ванной  В-035;67;
2271;Штора д/ванной В-05 1,8*1,8;84;
2272;Штора для ванной 180*180 см;248;
2273;Штора зеркальная солнцезащит.;26;
2274;Шторка д/ванной;237;
2275;Шторка д/ванной 461132;120;
2276;Шторка д/ванной 461246;230;
2277;Шторка д/ванной 461257;127;
2278;Шторка д/ванной 461259;215;
2279;Шторка д/ванны сатиновая полоска;202;
2280;Щетка бытовая сити;40;
2281;Щетка д/авто 775045;130;
2282;Щетка д/авто КАСКАД;56,5;
2283;Щетка д/авто скребок 18,5см;14,5;
2284;Щетка д/авто скребок 775046;65;
2285;Щетка д/авто скребок 775117;121;
2286;Щетка д/замши;35;
2287;Щетка д/обуви 502 искусств. ворс;25;
2288;Щетка д/обуви искусств. ворс;16;
2289;Щетка д/обуви Фауст дерев.;35,5;
2290;Щетка д/одежды велюровая;30;
2291;Щетка д/пола Глория миди;47;
2292;Щетка для пола Моника;55;
2293;Щетка д/пола Практик;31;
2294;Щетка д/пола с палкой;65;
2295;Щетка д/пола шробер;65;
2296;Щетка д/пола шробер;80;
2297;Щетка д/посуды Мила;22,5;
2298;Щетка д/рук Шер;27;
2299;Щетка д/унитаза Квадрат;47;
2300;Щетка д/унитаза Колокольчик;43,2;
2301;Щетка д/унитаза Пирамида;43;
2302;Щетка д/унитаза Сердца;77;
2303;Щетка д/унитаза Стандарт;47,5;
2304;Щетка д/унитаза Стиль;55;
2305;Щетка сметка 3х рядная;35,5;
2306;Щетка пластм. 1685;16;
2307;Щетка Утюг;27;
2308;Щетка утюг макси;43;
2309;Щетка Утюг мега 4007;36,5;
2310;Щетка утюг миди 3039;29,5;
2311;Щетка утюг ориджинал;38;
2312;Щетка утюг СОФТЭЛЬ;75;
2313;Щетка утюжок мега классик 3834;41;
2314;Щетка утюжок миди классик 3112;30;
2315;Щетка утюжок мини;23;
2316;Щипчики д/ногтей 8711;52;
2317;Щипчики д/ногтей маникюрн. 8715;41;
2318;Яйцерезка 2 в 1;32;
2319;"Ящик д/инструментов 18""";425;
2320;Ящик д/рассады поддон;61;
2321;Ящик почтовый;98;
2322;"Ящик почтовый ""ПИСЬМО""";100;
2323;Ящик почтовый без замка Почта  /10*;102;
2324;Ящик почтовый Домик без замка;170;
2325;Ящик почтовый Павлово без замка;150;
2326;Ящик почтовый Павлово с замком;160;
2327;"Ящик почтовый с замком ""ГЕРБ""";220;
2328;Ящик почтовый с замком Почта/10*;133;
2329;Электрика;;
2330;Батарейки;;
2331;Батарейка Camelion R 14/12*;9,5;
2332;Батарейки Camelion R20 (цена за шт.) /12*;19;
2333;Батарейки Camelion R3 (цена за блистер)/12*;18,5;
2334;Батарейка Camelion R3 алкалиновая;9;
2335;Батарейки Camelion R6 (цена за блистер)/12*;18,5;
2336;Батарейка Camelion R6 алкалин.;9;
2337;Батарейка Camelion(Крона);14,5;
2338;Батарейка KODAK R3 (Цена за блистер)/12*;24;
2339;Батарейка KODAK R6 (Цена за блистер)/20*;24;
2340;Батарейка Minamoto R-3/60*;2,9;
2341;Батарейка Minamoto R14 /24;6,5;
2342;Батарейки Minamoto R20/24*;9,5;
2343;Батарейки Minamoto R6/60;2,8;
2344;Батарейка SONY R3 (цена за блистер);26;
2345;Батарейки SONY R6 (цена за блистер);26;
2346;Батарейка ДЮРАСЕЛ R3 (цена за шт.);22,5;
2347;Батарейка ДЮРАСЕЛ R6 (цена за шт.);22,5;
2348;Батарейка Панасоник R14;14,5;
2349;Батарейка Панасоник R20;19;
2350;Батарейки Панасоник R6 (цена за блистер);28;
2351;Батарейка Самсунг R3;24;
2352;Батарейка Самсунг R6;24;
2353;Выключатели;;
2354;Выключатель 1кл ОУ 32111;23;
2355;Выключатель 1кл ОУ 32121 индикатор;29;
2356;Выключатель 1кл ОУ А14-016 16-023 (Орша);18;
2357;Выключатель 1кл ОУ А14-116 Минск;28,5;
2358;Выключатель 1кл ОУ А16-027 (Молодечно);23,6;
2359;Выключатель 1кл ОУ А16-108/60*;18,5;
2360;Выключатель 1кл ОУ А16-131;47;
2361;Выключатель 1кл СУ;23,2;
2362;Выключатель 1кл СУ 31111;27,5;
2363;Выключатель 1кл СУ 31121;30;
2364;Выключатель 1кл СУ повер ман 10А 250В 2121 904013 с подсветкой;36,5;
2365;Выключатель 2кл ОУ 32112;26;
2366;Выключатель 2кл ОУ 32122 индикатор;27,6;
2367;Выключатель 2кл ОУ А-56-111;25;
2368;Выключатель 2кл ОУ А54-001 Минск;39;
2369;Выключатель 2кл ОУ А56-134 Беларусь;53;
2370;Выключатель 2кл ОУ А56-176 Валентина с подсвет.;53;
2371;Выключатель 2кл ОУ повер ман 7023;31,5;
2372;Выключатель 2кл ОУ с подстветкой А510 Беларусь;64;
2373;Выключатель 2кл СУ 31112;28,5;
2374;Выключатель 2кл СУ 31122 с подсветкой;31;
2375;Выключатель 2кл СУ повер ман 10А 250В с подсветкой 904014;39;
2376;Выключатель 2кл СУ С56-124/55*;71;
2377;Выключатель 2кл СУ С56-164 золото;50;
2378;Выключатель Альфа 2кл ОУ 52072201;28;
2379;Выключатель Альфа 2кл ОУ влагозащ. 531072201;33;
2380;Выключатель Альфа 2кл СУ 520107+ВСТАВКА;29,3;
2381;Выключатель Альфа 2кл СУ 52130201;36,7;
2382;Выключатель проходной д/бра;11;
2383;Колодка д/удлинителя;15;
2384;Электрокипятильник 1,0 кВт;77,5;
2385;Звонки;;
2386;Звонок 2 тональный (2ТА) АВС;118;
2387;Звонок 2-х тональный (2Т);108;
2388;Звонок Канарейка (Иран);50;
2389;Кнопка д/звонка  Альфа+ВСТАВКА;27,4;
2390;Кнопка для звонка А8 Чебоксары;13,5;
2391;Кнопка звонка А10,4-127;26;
2392;Кнопка звонковая А104-001 Витебск;15;
2393;Кабель;;
2394;Кабель КГ 2*2,5м;32,5;
2395;Кабель силовой АВВГ 2*2,5/200*;6,5;
2396;Кабель силовой АВВГ 3*2,5;9,1;
2397;Кабель силовой ВВГ 2*1,5 /100*;11,5;
2398;Кабель силовой ВВГ 2*2,5;17,5;
2399;Кабель силовой ВВГ 3*1,5/200*;17,8;
2400;Кабель силовой ВВГ 3*2,5/200;27,5;
2401;Провод АППВ 2*2,5;4,7;
2402;Провод АППВ 3*2,5/200*;7,5;
2403;Провод соедин. ПВС 2*0,75 /200*;8,9;
2404;Провод установ. бытов. ПУГНП/ПУГСП 2*2,5/100;15,5;
2405;Провод установ. бытов. ПУНП/ПУСП 2*2,5/200*;17;
2406;ТВ кабель 100м;450;
2407;Паяльники;;
2408;Паяльник 100Вт;99;
2409;Паяльник 25 Вт;82,5;
2410;Паяльник 40Вт;85;
2411;Паяльник 65 Вт;87;
2412;Паяльник 80 Вт;95;
2413;Розетки;;
2414;Комплект розетка+вилка влагозащищенная;34;
2415;Подразетник двойной;4,5;
2416;Подразетник пласт. с/у с винтом ПУ-1-65;4,5;
2417;Подрозетник дерев. 70*70 квадр.;4,5;
2418;Подрозетник круг. дерев./25*;4,5;
2419;Розетка 1ая ОУ  АВС с пр. конт. кв. Ливны;37,5;
2420;Розетка 1ая ОУ 32221 з/к;30,5;
2421;Розетка 1ая ОУ карб. бел. круглая  РА 10-011 з/к 46;35,1;
2422;Розетка 1ая ОУ карбол. кругл. белая керамика 46 уч;26;
2423;Розетка 1ая ОУ карболит. квадр. черная;32;
2424;Розетка 1ая ОУ квадр. карбол. керамика черная;35,2;
2425;Розетка 1ая ОУ квадр. карболит.белая керамика;37;
2426;Розетка 1ая ОУ круглая белая карболит. 46 керам;35;
2427;Розетка 1ая ОУ круглая черная подпруж. керамика;32;
2428;Розетка 1ая ОУ подпруж. РА-16-016(Орша);15;
2429;Розетка 1ая ОУ РА 16-011/180;10,5;
2430;Розетка 1ая ОУ РА 16-307 з/к;26,5;
2431;Розетка 1ая ОУ РА 16-254 з/к Беларусь;41;
2432;Розетка 1ая ОУ РА16-255 Беларусь;34;
2433;Розетка 1ая СУ 31211;25;
2434;Розетка 1ая СУ з/к 31221;29,5;
2435;Розетка 1ая СУ круглая белая карболит;37,5;
2436;Розетка 1ая СУ РС 16-006 Молодечно;22,5;
2437;Розетка 1ая СУ РС 16-038 Молодечно;19;
2438;Розетка 1-ая СУ РС-10-304 (Молодечно);21,5;
2439;Розетка 1ая СУ РС16-256 золото з/к Беларусь;40;
2440;Розетка 2ая ОУ 32212;36,5;
2441;Розетка 2ая ОУ 32222 з/к;41;
2442;Розетка 2ая ОУ РА 006/138;14,5;
2443;Розетка 2ая ОУ РА 10 керам. белая Ливны;47;
2444;Розетка 2ая ОУ РА 16-008 подпруж. Орша;23,5;
2445;Розетка 2ая ОУ РА16-009 подпруж./*;27,5;
2446;Розетка 2ая ОУ РА 16-261 з/к Беларусь;68;
2447;Розетка 2ая ОУ РА10-012 Молодечно;12;
2448;Розетка 2ая ОУ РА16-014 з/к Молодечно/40*;35;
2449;Розетка 2ая ОУ РА16-260 Беларусь;50,5;
2450;Розетка 2ая ОУ черная карболит.;42,5;
2451;Розетка 2ая СУ  РС10-009/110*;18,6;
2452;Розетка 2ая СУ 31212;32;
2453;Розетка 2ая СУ 31222 з/к;39,6;
2454;Розетка 2ая СУ карболит белая 48с;46,5;
2455;Розетка 2ая СУ РС16-237 Беларусь;61;
2456;Розетка 2ая СУ РС16-262;51;
2457;Розетка 3ая ОУ Беларусь РА 16-244;98;
2458;Розетка 4ая ОУ РА 16-246;122;
2459;Розетка Альфа 1ая ОУ з/к 551082301;40;
2460;Розетка Альфа 1ая СУ 52180201;31,7;
2461;Розетка Альфа Дата 520117+ВСТАВКА;115;
2462;Розетка Альфа телевиз. СУ 520111+ВСТАВКА;31,3;
2463;Розетка компьютерная 2ая РК216-005;183;
2464;Розетка компьютерная РК18-001;98;
2465;Розетка круглая черная с керамикой;18,5;
2466;Скоба д/кабеля плоская 12*6,3мм 1000шт;28;
2467;Удлинители;;
2468;Разветвитель;50;
2469;Разветвитель ТВ на 2 ТАР 2;29;
2470;Разветвитель ТВ на 3;19;
2471;Удлинитель 10м на катушке;480;
2472;Удлинитель 10м на рамке;212;
2473;Удлинитель 15м на катушке;590;
2474;Удлинитель 20м на катушке;700;
2475;Удлинитель 20м на рамке;389;
2476;Удлинитель 25м на катушке 1,0мм;810;
2477;Удлинитель 25м на катушке 1,5мм;1025;
2478;Удлинитель (Смоленск) 10м.;95;
2479;Удлинитель (Смоленск) 3м;52;
2480;Удлинитель (Смоленск) 5м.;67;
2481;Удлинитель (Смоленск) 7 м.;83;
2482;Удлинитель 3-х местн. чёрный (Кемерово) 10м.;155;
2483;Удлинитель 3-х местн. чёрный (Кемерово) 3м.;99;
2484;Удлинитель 3-х местн. чёрный (Кемерово) 5м.;115;
2485;Удлинитель 3-х местн. чёрный (Кемерово) 7м.;140;
2486;Удлинитель 50м на катушке;1430;
2487;Удлинитель рулетка 3м Смоленск /10*;60;
2488;Удлинитель Смоленск 10м з/к;233;
2489;Удлинитель Смоленск 3м з/к;105;
2490;Удлинитель Смоленск 5м з/к;144;
2491;Удлинитель Смоленск 7м з/к;172;
2492;Удлинитель универсал 5м ШВВП 2*0,75 3гн;122;
2493;Удлинитель 3м.сетевой фильтр повер;297;
2494;Удлинитель фильтр 5м повер;357;
2495;Удлинитель фильтр Гарнизон 3м;195;
2496;Удлинитель фильтр Гарнизон 5м;230;
2497;Удлинитель фильтр Универсал 3м ПВС 3*0,75;200;
2498;Удлинитель Экон 10м 2*1,0мм 21113-10;218;
2499;Удлинитель Экон 10м з/к 3*1,0мм 21213-10;306;
2500;Удлинитель Экон 10м з/к с выкл 3*1,0мм;328;
2501;Удлинитель Экон 3м 2*1,0мм 21113-3;99,5;
2502;Удлинитель Экон 3м з/к 3*1,0мм 21213-3;123,5;
2503;Удлинитель Экон 3м з/к с выкл 3*1,0мм;137;
2504;Удлинитель Экон 5м 2*1,0мм 21113-5;123;
2505;Удлинитель Экон 5м з/к 3*1,0мм 21213-5;164,5;
2506;Удлинитель Экон 5м з/к с выкл 3*1,0мм;178;
2507;Удлинитель Экон 7м 2*1,0мм 21113-7;164;
2508;Удлинитель Экон 7м з/к 3*1,0мм 21213-7;205;
2509;Удлинитель Экон 7м з/к с выкл 3*1,0мм;220;
2510;Электрика;;
2511;Блок ОУ 2В-РЦ 523;97;
2512;Блок ОУ В-РЦ 521;86;
2513;Блок ОУ ЗВ-РЦ 525;107;
2514;Вилка В 6-241;21,5;
2515;Вилка В16-310;22,5;
2516;Вилка В6-001;12,6;
2517;Вилка В6-005;11;
2518;Вилка карболит латунь Орехово Зуево/300*;10;
2519;Вилка с з/к ВШ-Ц-20\ В10-009 (Бобруйск);15,5;
2520;Вилка универ. В-6-004 (Витебск);11,5;
2521;Вставка белая 06;2;
2522;Заглушка д/розеток 01ИР.767.556.015;1;
2523;Коробка 4х рожковая черная;24;
2524;Коробка монтажная 4х рожков.;9,5;
2525;Коробка разв. 4 рожк;11;
2526;Коробка разветв. без ушек;11,5;
2527;Коробка расп. скрыт. устан. д/полых стен с мет. заж;18;
2528;Коробка распред. 3х рожковая;8,5;
2529;Коробка распред. Тальменка;6;
2530;Лампа паяльная 1,5л;400;
2531;Лампа паяльная 2л;495;
2532;Лампочка д/холодильника;11,5;
2533;Пакетник 10А;34;
2534;"Пакетник автом. ""Щит"" 16А /12*";34;
2535;"Пакетник автом. ""Щит"" 25А /12*";33;
2536;"Пакетник автом ""Щит"" 32А";34;
2537;Переходник Азия-Европа Смоленск;7;
2538;Переходник Велл-Конт;8,5;
2539;Переходник Токер 16А;9,5;
2540;"Переходник-адаптор ""Техник""";8;
2541;Пробка керамическая 10А Е27;9,5;
2542;Пробка предохр. ПАР-10;53;
2543;Пробка предохр. ПАР-16;82;
2544;Пробка предохр. ПАР-25;128;
2545;Рамка 2х местная;30;
2546;Рамка 3х местная;37,5;
2547;Рамка 4х местная;48;
2548;Стартер Phoenix 220В/25*;4,5;
2549;Стартер Мастер-Свет 127В/50*;5;
2550;Телефонная вилка (универс.) Фармек;17;
2551;Телефонная розетка (универс.) Фармек;18;
2552;Телефонная розетка Альфа;41,6;
2553;Тен д/плиты Россиянка;71;
2554;Тен для плиты Мечта;193;
2555;Тройник евро РВ 6-003 (Смоленск);11;
2556;Тройник карбол.;22;
2557;Тройник с з/к 16А;28;
2558;Фонарик 3д;50;
2559;Фонарик 3д;30;
2560;Фонарик 4д аккум.;97;
2561;Фонарик 5д;65;
2562;Фонарик7д;64;
2563;Фонарик 9д;60;
2564;Фонарик алюм.;199;
2565;Фонарик БЛ 1032 1;283;
2566;Фонарь 15д аккум.;180;
2567;Фонарь лампа 12д;137;
2568;Шнур д/светильника с прох. выкл.;55;
2569;Шнур д/утюга;58;
2570;Шнур д/чайника 1,7м;83;
2571;Шнур телеф. витой 2 м (для трубки);15;
2572;Шнур телеф. витой 4,5 м (для трубки);21;
2573;Шнур телефонный 10м;38;
2574;Шнур телефонный 15м;55;
2575;Шнур телефонный 3м;15;
2576;Шнур телефонный 5 м.;24;
2577;Шнур телефонный 7 м.;29;
2578;Штекер антен. металл гнездо/100*;5;
2579;Штекер антен. угловой большой без пайки;6;
2580;Штекер антенный без пайки;4;
2581;Штекер металл;8;
2582;Электрокипятильник 0,5 кВт;76,5;
2583;Электрокипятильник 0,7кВт;77;
2584;Электрокипятильник 1,2кВт;81;
2585;Электрокипятильник 1.5 кВатт;84;
2586;Электрокипятильник 2000Вт;98;
2587;Электролампа энергосбер. Эталон 15В;52;
2588;Электролампа энергосбер. Эталон 25В;60;
2589;Электролампа энергосберег. 12 Е14;79,5;
2590;Электролампа энергосберег. 13 Е27;83;
2591;Электролампа энергосберег.15;89;
2592;Электролампа энергосберег. ЛН 20;100;
2593;Электролампа энергосберег. ЛН 26;130;
2594;Электролампа энергосберег. ЛН 30;150;
2595;Электролампочка 40Вт/144*;7,6;
2596;Электролампочка 60Вт/144*;7,6;
2597;Электролампочка 75Вт./144*;7,6;
2598;Электролампочка 95Вт/144;7,6;
2599;Электролампочка Ветта 20Вт;77;
2600;Электролампочка Ветта 25 Вт;80;
2601;Электролампочка Ветта 9 Вт Е14;70;
2602;Электролампочка Ветта 9 Вт Е14 без упаковки;40;
2603;Электролампочка Е14 60 Вт свеча/168*;9,5;
2604;Электролампочка Е27 60 Вт свеча/*;9,5;
2605;Электролампочка Е27  60Вт свеча;9,5;
2606;Электролампочка свеча витая 60Вт  Е14;9,5;
2607;Электролампочка свеча витая 60Вт Е27;9,5;
2608;Электропатрон люстровый Е-27Н10;25;
2609;Электропатрон настенный Ливны;20,5;
2610;Электропатрон подвесной;17;
2611;Электропатрон потолочный;14,5;
2612;Электропатрон потолочный (Ливны);21,5;
;;;
