Замок врез. Екатеринбург ЗВ 8-4 2 ригельн.;120;
Замок врезной ЗВА-2 1ригел. Екатеринбург;121;
Замок врез. Зенит ЗВ 1-2;224;
Замок врез. Ижевск ЗВ 8-6А;153;
Замок врез. Ижевск ЗВ 8-6А-1;169;
Замок врез. Чибис 900;233;
Замок врез. Чибис КТК-737;180;
Замок врезной Апекс 90-К;239;
Замок врезной Зенит ЗВ 4-3,01 золото;432;
Замок врезной Зенит ЗВ 4-3,02 белый;421;
Замок врезной Зенит ЗВ 4-3,02 медь;438;
Замок врезной Рязань ЗВ-1-2/11 3ригеля;359;
Замок Корал 350 бронза с ключом;295;
Замок Корал 380 золото с ключом 617062;317,5;
Замок Корал 390 бронза с ключом 617019;316;
Замок Корал 390 графит с ключом 617019;332;
Замок Корал 390 золото без ключа 617002;300,5;
Замок Корал 6062 золото с ключом 618002;262;
Замок Корал 6072 графит без ключа 618694;196;
Замок Корал 6072 медь без ключа 618728;189;
Замок Корал 6072 медь с ключом 618727;216;
Замок Корал 6072 св. дерево/золото б/ключа 618182;237;
Замок Корал 6072 св. дерево/золото с ключом 618181;244;
Замок Корал 6072 хром без ключа б/фиксатора;172;
Замок Корал 6072 хром с ключом 618690;205;
Замок Корал 6082 хром без ключа 618791;204;
Замок Корал 6092 графит с ключом 618218;210;
Замок Корал 762 золото с ключом 617150;300;
Замок Корал 764 белый без ключа;235;
Замок Корал 764 золото с ключом 617092;317;
Замок Корал 764 хром без ключа;296;
Замок Корал 891 белый без ключа;301,5;
Замок Корал 891 бронза с ключом 617040;316;
Замок Корал 891 золото с ключом 617022;306;
Замок Корал 891 мат хром с ключом  617003;303;
Защелка дверная Зенит;169;
Сердцевина 70мм 3кл;62;
Сердцевина д/замка 3 ключа;47;
Сердцевина д/замка 60мм 6кл-кл;72;
Навесные;;
Замок велосип.;67;
Замок велосипед. кодовый;145;
Замок контрольный ВС-5(Зенит);62,5;
Замок круглый;120;
Замок навесной Апекс длин. душка;54;
Замок навесн. Апекс 125 длиная душка;99;
Замок навесн. Апекс 126 длиная душка;147;
Замок навесн. Апекс 01-25;24,5;
Замок навесн. Апекс МВС 123;38;
Замок навесн. Апекс МВС 124;51;
Замок навесн. Апекс МВС 127/24*;177;
Замок навесн. кодовый;22;
"Замок навесной 50""";42,5;
"Замок навесной 60""";51,5;
"Замок навесной 60"" короткая душка";58;
Замок навесной 60мм Ермак 468045;69;
"Замок навесной 70""";72,4;
"Замок навесной серый 80""";83;
Замок навесной 80мм Ермак 468047;104;
Замок навесной Extra 60мм;58;
Замок навесной Extra 90 мм;96;
"Замок навесной 50"" бронь";52,3;
"Замок навесной бронь 60"" короткая дужка";66;
"Замок навесной бронь 60""";56;
"Замок навесной 70""бронь";77;
"Замок навесной 80"" бронь";108;
Замок навесной всепогодный 63мм;220;
Замок навесн. гаражн. О80 468006;147;
Замок навесной гаражный 468039;169;
"Замок навесной гаражный 80"" 468036";120;
"Замок навесной гаражный 80"" 468548";122;
"Замок навесной гаражный О75""";107;
Замок навесной ЗВС - 2 Елизарово(амбарный);137;
Замок навесной овал 50мм;64;
Замок навесной овал 60мм;79;
Замок навесной овал 70мм;96;
Замок навесной ЧАЗ ВС 2-М1-02/18*;205;
Замок навесной ЧАЗ ВС-2-А 30167;192,5;
Замок навесной ЧАЗ ВС-2-М1 30116;174;
Замок навесной ЧАЗ ВС-2-М1-01 30117;192;
Замок навесной чёрный 40мм 468054;28;
Замок навесной чёрный 50мм /10* 468057;36,5;
"Замок навесной чёрный 55"" 468059";41,5;
Замок навесной чёрный 60 мм/10 468197;65;
Замок навесной чёрный 70 мм/6*;103;
Замок навесной чёрный 80мм /6* 468202;124;
Замок навесной Чибис 002/2204 40мм чугун;36;
Замок навесной Чибис 363 32мм;32;
Замок навесной Чибис 364 38мм;39,5;
Замок навесной Чибис 365 50мм;74;
Замок навесной Чибис 366 63мм;104;
Замок навесной Чибис 367 75мм;147,5;
Накладные;;
Замок накл. Эльбор Кремень 1,04,51,5;476;
Замок наклад. ЗН-1-1 (Глазов) /24*;297;
Замок наклад. ЗН-1-1,2 (Глазов) /24*;288;
Замок накладной ЗЕНИТ ЗН-1-6 (медь) Дмитровград;247;
Замок накладной Пенза ЗН-1-5 2риг;475;
Замок накладной Рязань ЗНД-1А;297;
Замок накладной ЧИБИС 603-2 2риг.;269;
Инструмент;;
Круги отрезные;;
Брусок двустор. 200мм;19,5;
Брусок лодочка 225мм;14;
Брусок лодочка 35*15*225;22;
Брусок с зажимом;80;
Диск алмазный 115*22,2 турбо;59;
Диск алмазный 125*22,5мм турбо;67;
Диск алмазный 150*22,2мм турбо;111,5;
Диск алмазный 180*22,2мм турбо;158;
Диск алмазный 230*22 турбо;232;
Диск алмазный сегментный 180*22,2мм;147;
Диск лепестковый торц. 22*115;28;
Диск лепестковый торц. 22*150мм;49;
Диск лепестковый торц. 22*180;64;
Круг зачистной 115х6х22мм по металлу (Луга);25;
Круг зачистной 125мм по металлу;28,5;
Круг зачистной 150*6*22 по металлу;36,5;
Круг зачистной 180х6х22мм по металлу;42;
Круг зачистной 230х6х22мм по металлу (Луга);59;
Круг Луга 125*2,5*22 камень;15;
Круг Луга 150*2,5*22мм камень;18;
Круг Луга 180*2,5*22 камень;24;
Круг Луга 200*2,5*22 камень;29;
Круг Луга 230*2,5*22 камень;33,5;
Круг Луга сталь 115*1,0*22;9,6;
Круг Луга сталь 115*1,2*22/50*;10;
Круг Луга сталь 115*2,5*22 /25*;12;
Круг Луга сталь 125*1,0*22;10,5;
Круг Луга сталь 125*1,2*22/50*;11;
Круг Луга сталь 125*1,6*22;11,5;
Круг Луга сталь 125*2,5*22 /25*;13,5;
Круг Луга сталь 150*1,2*22;14;
Круг Луга сталь 150*1,6*22;14,5;
Круг Луга сталь 150*2,5*22 /25*;17;
Круг Луга сталь 180*1,6*22,2;19,5;
Круг Луга сталь 180*2,5*22 /25*;22;
Круг Луга сталь 200*2,5*22 /25*;26,5;
Круг Луга сталь 230*1,6*22;27;
Круг Луга сталь 230*2,5*22 /25*;29;
Круг Луга сталь 300*3,0*32;55;
Круг отрезной Ермак 115*2,5*22;9,5;
Круг отрезной Ермак 230*2,5*22;28,5;
Круг шлифовальный 125х20х32 (Луга);81,5;
Круг шлифовальный 150х20х32 (Луга);104,5;
Круг шлифовальный 175х20х32 (Луга);130;
Круг шлифовальный 200х20х32 (Луга);160;
Чашка конусная 150*50*32 40см;95;
Шлиф круг под липучку 125мм 10шт;60;
Шлиф круг резин. с липучкой 125мм;40;
Шлиф-лента 75*533 120;116;
Шлифлист №10;91;
Шлифлист №20;100;
Шлифлист №32;106;
Шлифлист №4;91;
Шлифлист №50;107;
Шлифлист №6;91;
Шлифсетка;45;
Ножовки;;
"Ножовка по дереву ""Ермак"" 1В 500мм зуб 5мм заточ.";148;
Ножовка по дереву 350мм Ермак зуб 5мм;72;
"Ножовка по дереву ""Ермак"" 400мм зуб 4мм 663379";141;
"Ножовка по дереву ""Ермак"" 400мм зуб 5мм";75;
"Ножовка по дереву ""Ермак"" 400мм, зуб 8мм. 663846";123;
"Ножовка по дереву ""Ермак"" 450мм зуб 5мм";73;
Ножовка по дереву 500мм д/сырой древ. 663016;157;
Ножовка по дереву Ермак 500мм зуб 5мм заточ;148;
"Ножовка по дереву ""Ермак"" 500мм, зуб 8мм.";90,5;
"Ножовка по дереву ""Ермак"" ЗА 350мм зуб 8мм";89;
"Ножовка по дереву ""Ермак"" ЗА 400мм зуб 8мм 663848";85,5;
"Ножовка по дереву ""Ермак"" ЗА 500мм 8мм";105;
Ножовка по дереву 600мм 12мм;243;
Ножовка по дереву Ермак 500мм закал. зуб 663384;153;
Ножовка по дереву 300 мм зуб 4мм Ижсталь;84,5;
Ножовка по дереву 400 мм Ижсталь 4мм;121;
Ножовка по дереву Ижсталь с 3-мя полотнами;155;
Ножовка по металлу 400мм с желт. ручкой;71;
Ножовка по металлу мастер;127,5;
Ножовка по металлу профи+2 полотна;220;
Отвертки;;
Набор отверток 4пр Ермак 9991;152;
Набор отверток 5пр.;252;
Набор отверток 6пр. Ермак;253;
Набор отверток 6пр мини;71;
Набор отверток диэлектрических 3 пр.;75;
Набор отверток Ермак 4пр. 9986;142;
Набор отверток Ермак 4пр. 9988;145;
Набор отверток под ключ 6пр. 9985-3;273;
Набор отверток часовых 11пр;45;
Набор отверток часовых бол.;21,5;
Отвертка 1*150мм Matrix(-);26;
"Отвертка 2-х стор.""ЕРМАК"" 3х50";11;
"Отвертка 2-х стор.""ЕРМАК"" 5х65 /12*";16;
Отвертка 2-х сторон 6*38;15;
"Отвертка 2-х стор.""ЕРМАК"" 6х75 /12*";21;
Отвертка 3,0*75 мм Matrix (-);18;
Отвертка  5*125(-)/12*;14;
Отвертка 5*125(+)/12*;14;
Отвертка 5*150 бибер;30;
Отвертка 6 насадок в ручке магнитная;52;
Отвертка Ермак 4*75мм(-);27;
Отвертка Ермак 4*75мм(+);27;
Отвертка Ермак 4*100 мм (-);16;
Отвертка Ермак 5*100 (-);24;
Отвертка Ермак 5*100 (+);24;
Отвертка Ермак 5*150 (-);20;
Отвертка Ермак 5*150 (+);20;
Отвертка Ермак 5*200мм (+);22;
Отвертка Ермак 5*200мм(-)/12*;22;
Отвертка Ермак 6*100 (-);21;
Отвертка Ермак 6*100 (+);21;
Отвертка Ермак 6*150 (+);24,5;
Отвертка Ермак 6*150мм (-)/12*;24;
Отвертка Ермак 8*150 (+);32;
Отвертка Ермак 8*150мм (-);32;
Отвертка Ермак 8*200мм (-);29,5;
Отвертка Ермак комбинированная 6*150;48;
Отвертка многофункц. 23 пр.;170;
Отвертка под ключ 6*150мм;49;
Отвертка пробник 100-500В;12;
Отвертка-пробник 12-220В с жидкокристалл. дисплеем.;41;
Отвертка с набором бит 31пр;175;
Отвертка Т- образная;54;
Отвертка ударная;166,5;
Сверла;;
"Биты ""Matrix"" 6шт+магнитн. держатель";55;
Биты;75;
Биты №1;40;
Биты №2;35;
Биты Ермак 18пр 657008;252;
Бур Ермак 10*210мм;37;
Бур 10*250/310мм;40;
Бур 10*460;72;
Бур Ермак SDS-Plus D10x160мм;32,3;
Бур Ермак SDS-PLUS D10x260мм;48;
Бур 12*210мм;39,5;
Бур 12*600;118;
Бур 14*210мм;45;
Бур 14*260;52;
Бур 14*310 мм;61;
Бур 14*410мм;82;
Бур 16*400мм;145;
Бур 16*800;250;
Бур 18*600мм;159;
Бур 22*600;359;
Бур 4*110мм;18,2;
Бур 5*160мм;24;
Бур Ермак SDS-PLUS D6*160 мм;21,5;
Бур 6*210мм;29;
Бур 6*260мм;38;
Бур Ермак SDS-PLUS D 6*50/110мм;23;
Бур 8*110мм;23,15;
Бур Ермак SDS-PLUS D8*160мм.;25,5;
Бур 8*210мм;34;
Бур 8*260;34,5;
Бур матрикс 14*150мм;39;
Бур матрикс 6*210мм;38,7;
Бур матрикс 8*210мм;36,5;
Набор сверл 19пр;297;
Набор сверл 2-8;122;
Набор сверл нитридт. по металлу 3-4-5-6-8;91;
Набор сверл перьевых 6пр.;67;
Набор сверл по комбинир 4-5-6-8-10мм 5шт;85;
Набор сверл Форстнера 15-35мм;276;
Насадка д/кровельных саморезов 10мм;95;
Насадка д/кровельных саморезов 8мм;100;
Сверло по бет. 10*120мм;10,5;
Сверло по бет. 12х150 ЕРМАК;22,5;
Сверло по бет. 5*85мм Ермак;11;
Сверло по бет. 6*100 Ермак;11,5;
Сверло по бет. 6х200 мм ЕРМАК;17;
Сверло по бет. 8*120мм Ермак;21;
Сверло по бетону 12*150мм;82;
Сверло по бетону голден 12*150мм;51;
Сверло по бетону голден 4*75мм;15;
Сверло по бетону голден 5*85мм;18;
Сверло по бетону голден 8*120мм;30;
Сверло по дереву 28*152мм;25;
Сверло по керамике и стеклу 10мм;42,5;
Сверло по керамике и стеклу 4мм;37;
Сверло по керамике и стеклу 5мм;38;
Сверло по керамике и стеклу 6мм;32;
Сверло по керамике и стеклу 8мм;29;
Сверло по мет. 1,0мм/10*;41;
Сверло по мет. 1,5мм/10*;41;
Сверло по мет. 10мм;148;
Сверло по мет. 12мм/5*;199;
Сверло по мет. 2,0мм/10*;42;
Сверло по мет. 2,5мм/10*;50;
Сверло по мет. 3,0мм/10*;50;
Сверло по мет. 3,2мм/10*;55;
Сверло по мет. 3,8мм/10*;65;
Сверло по мет. 4,0мм/10*;65;
Сверло по мет. 4,2мм/10*;65;
Сверло по мет. 4,5мм/10*;76;
Сверло по мет. 4,8мм/10*;80;
Сверло по мет. 5,0мм/10*;85;
Сверло по мет. 5,5мм/10*;85;
Сверло по мет. 6,0мм/10*;100;
Сверло по мет. 6,5мм/10*;103;
Сверло по мет. 7,0мм/10*;120;
Сверло по мет. 7,5мм/10*;125;
Сверло по мет. 8,5мм/5*;90;
Сверло по мет. 9,0мм/5*;114;
Сверло по мет. 9,5мм/5*;118;
Сверло по металлу Ермак 1,5мм/10*;35;
"Сверло по металлу ""Ермак"" 10мм/5*";145;
Сверло по металлу Ермак 2,0мм/10*;40;
Сверло по металлу Ермак 2,5мм /10*;40;
"Сверло по металлу ""Ермак"" 3мм";50;
"Сверло по металлу ""Ермак"" 3,2мм /10*";50;
"Сверло по металлу ""Ермак"" 3,5мм/10*";55;
"Сверло по металлу ""Ермак"" 4,0мм /10*";60;
Сверло по металлу Ермак 4,2мм/10*;75;
"Сверло по металлу ""Ермак"" 5,0мм/10*";80;
"Сверло по металлу ""Ермак"" 6,0мм /10*";110;
"Сверло по металлу ""Ермак"" 6,5мм /10*";100;
"Сверло по металлу ""Ермак"" 7,0мм /10*";135;
"Сверло по металлу ""Ермак"" 7,5мм /10*";125;
Сверло по металлу Ермак  8мм/;60;
"Сверло по металлу ""Ермак"" 8,5мм /5*";82,5;
"Сверло по металлу ""Ермак"" 9мм/5*";107,5;
"Сверло по металлу ""Ермак"" 9,5мм /5*";80;
Инструмент;;
Вставка плавкая 10А/200*;2;
Гвозди декоративные усилен. медь;23,5;
Гвозди декоративные усилен.(бронза);23,5;
Гвозди декоративные усилен.(Золото);23,5;
Гвозди декоративные усилен.(Хром);23,5;
Гвоздодер 450*22*12;189;
Гвоздодер 600*16;142;
Гвоздодер 600*29*15;217;
Гвоздодер 750*30*16;526;
Гвоздодер 900*30*15мм;330;
Гвоздодер с синекрасной ручкой 43см;74;
Гвоздодер с синекрасной ручкой мал.;56;
Гвоздь строит. 2,0*40/25*;52;
Гвоздь строит. 2,5*50;40;
Гвоздь строит. 2,5*60;45;
Гвоздь строит. 3,0*70;39,5;
Гвоздь строит. 3,0*80;39,5;
Гвоздь строит. 3,5*90;37,5;
Гвоздь строит. 4,0*100;37,5;
Гвоздь строит. 4,0*120;37,5;
Гвоздь строит. 5,0*150;37,5;
Гвоздь строит. 6,0*200;37,5;
Гвоздь толевой 2,5*32;45;
Гвоздь шиферный 4,0*120;56;
Ермак Щетка с пластиковой ручкой 4 ряда;29;
Ермак Щетка с пластиковой ручкой 5 ряд.;27;
Ермак Щетка с пластиковой ручкой 6 ряд.;33,5;
Заклепочник 238 мм;137;
Заклепочник 250мм;150;
Заклепочник поворотный 360 градусов;241;
Заклепочник Ермак 425мм усилен. двуручный;251;
Зубило 210*60мм с протектором;90;
Зубило 250*20мм с протектором;62;
Зубило Ермак 14*400*20мм;72;
Изолента  х/б;14;
Изолента  х/б 100г.;17,5;
Изолента  х/б 200гр./60;41;
Изолента х/б 300гр/60* Барнаул;48;
Изолента  х/б 80г.(в упаковке);14,5;
Изолента  19мм 18м синяя;21;
Изолента 19мм 18м черная;21;
Изолента 19мм 9м синяя;9,5;
Изолента 5 цветов /10*;7;
Изолента TESA 20м синяя;26,5;
Изолента TESA 20м черная;26,5;
Изолента глобе зеленая;6;
Изолента глобе синяя;7;
Изолента глобе черная;7;
Изолента желтая /192*;5;
Изолента зеленая /192*;5;
Изолента красная/192*;5;
Изолента синяя /192*;5;
Изолента черная/192*;5;
Киянка 225мм белая 662012;70,5;
Киянка 450мм белая 662014;133;
Киянка рез. 225;57;
Киянка резин. 680г белая 662013;135;
Киянка резиновая 450мм;77,5;
Ключ балонный;195;
Ключ д/патрона 13мм;12,5;
"Ключ разводной 10"" с обрез. ручкой";162;
"Ключ разводной 12"" с обрез. ручкой";223;
"Ключ разводной 8"" с резин. ручкой";86,5;
Ключ разводной Ермак 150мм;82;
Ключ разводной Ермак 200мм;118;
Ключ разводной Ермак 250мм;161;
Ключ трубный 2 Сибртех;255;
Ключ-трубный 1 Сибртех;218;
Ключ-трубный 2 Сибртех литой;305;
Ключ-трубный №1 Сибртех литой;219;
Ключ-трубный КТР 0 Сибртех;181;
Ключ-трубный КТР 0 Сосновск;185;
Ключ-трубный КТР-1 Сосновск;219;
Ключ-трубный КТР-3;448;
"Колун ""MATRIX"" 2700гр. с фиберглассовой ручкой";830;
Колун 3000гр дерев. ручка;245;
Колун 3600г фибергл. ручка;920;
Коронка 80мм;315;
Краги сварщика брезент.;50;
Крестики 2,0мм;16;
Крестики 3,0мм;16;
Кувалда 2000 гр. пласт. ручка;251;
Кувалда Ермак 1000г дерев. ручка;133;
Кувалда Ермак 1000гр. пластик. ручка;176;
Кувалда Ермак 1500г пластик. ручка;207;
Кувалда Ермак 2000г дер. ручка;210;
Кусачки 160мм 661872;60,6;
Кусачки 200мм 661270;94,5;
Кусачки Ермак 160мм 661253;88,5;
Кусачки Ермак 180 мм 661193;86;
Кусачки Ермак 180мм двухцветн.;88;
Кусачки Ермак шлиф 200мм;75;
Кусачки торц. 200мм 661200;98;
Лезвия д/ножа 18мм;12;
Лобзик 300мм Спарта;87;
Маска сварщика Евро пластик 110*90;222;
Маска сварщика пластик стекло 110*90;145;
Маска сварщика фиброкартон;106;
Метр складной;126;
Молоток 300гр дер. ручка;42,5;
Молоток 400гр дер. ручка;73;
Молоток 500гр. дер. ручка;76;
Молоток 600г;94;
Молоток  800гр.;120,5;
Молоток Ермак 1000гр пласт. ручка;216;
Молоток Ермак 200гр. пласт. ручка;78;
Молоток Ермак 300гр пласт. ручка;119;
Молоток-гвоздодер 450гр. 27мм;87;
Набор головок 22пр;127;
Набор головок 8пр;199;
Набор головок 9 предм. 2809;158;
Набор головок и насадок 24пр 2027;93;
Набор д/врезки замков (19-127мм) 17пр;312;
Набор д/врезки замков 12пр.;175;
Набор для врезки замков 3пр;53;
Набор инструм. 80пр.;3450;
Набор инструм. 94пр.;2220;
Набор инструм. 95пр.;3150;
Набор инструментов 30пр;940;
Набор инструментов 35пр.;730;
Набор инструментов 8пр 657254;287;
Набор ключей Ермак рожк-накид. 8пр.736079;146;
Набор ключей Ермак рожк-накидн. 6пр 736043;163;
Набор ключей Ермак рожк-накидн. 8пр 736049;233;
Набор ключей Ермак рожк.накид 6шт 736096;166;
Набор ключей Ермак рожк. накидн. 12пр. 736050;355;
Набор ключей Ермак рожково- накид. 6 пред.736048;160;
Набор ключей Ермак рожково- накид. 8 пред. 736044;260;
Набор ключей Ермак рожково-накид. 6 пред.736078;104;
Набор ключей рожково-накидные 12пр 736046;389;
Набор ключей рожково-накидных (6 пред.) 736075;227;
Набор ключей рожковых 6пр. 736070;100;
Набор метчики+плашки (20пред);340;
Набор метчики+плашки (40пред);530;
Набор резьбы по дереву 13пр;65;
Набор резьбы по дереву бол. 10пр.;62;
Набор стамесок 4пр дерев. ручки;62;
Набор стамесок  4пр;246;
Набор шестигранников 657023;120;
Набор шестигранников 8шт;50;
Набор шестигранников 9пр 657025;114;
Набор шестигранников 9пр. 657188;99;
Набор шестигранников 9шт 657009;68;
Ключи-шестигранники Ермак удлин. 657012;97;
Набор шестигранников ключей;28;
Набор шестигранников удлин. 657013;60;
Набор щеток металл со шпилькой(50,63,75мм);26;
Набор щеток металл. со шпильками 5пр.;130;
Надфили алмазные;129;
Напильник с дерев. ручкой квадр. 150мм;21;
Напильник с дерев. ручкой квадр. 200мм;29;
Напильник с дерев. ручкой круглый 150мм;22,5;
Напильник с дерев. ручкой круглый 200мм;30,5;
Напильник с дерев. ручкой п/круглый 200мм;34,5;
Напильник с дерев. ручкой п/круглый 250мм;45;
Напильник с дерев. ручкой п/круглый 300мм;62,5;
Напильник с дерев. ручкой плоский 150мм;29,5;
Напильник с дерев. ручкой плоский 200мм;39;
Напильник с дерев. ручкой плоский 250мм;46,5;
Напильник с дерев. ручкой трехгр. 150мм;36,5;
Напильник с дерев. ручкой трехгр. 200мм;35,5;
Напильник с дерев. ручкой трехгр. 250мм;47;
Напильник трехгранный;44;
"Напильник трехгранный 6""";12;
Нож пистолет. усилен. 685011;19;
Нож пистолетн. 641092;50;
Нож пистолетн.;25;
Нож пистолетн. с квадр. фиксатором;16;
Нож пистолетный 641091;81;
Нож пистолетный профи усилен. 685008;34;
Нож пистолетный с круглым фиксатором;22,5;
Ножницы по металлу 250мм с обрезин. ручками;108;
Ножницы для резки металла Н-30-1, 250мм;117;
Ножницы для резки металла Н-30-2, 290мм;127;
Ножницы для резки металла Н-30-3, 330мм;127;
"Ножовка по дереву ""СПАРТА"" 450мм линейкой";107;
Очки защитные затемненные;40;
Очки защитные прозр;39;
Пассатижи Ермак 160мм 661009;50,5;
Пассатижи Ермак 160мм с двухцветной ручкой 661227;90,5;
Пассатижи Ермак 180мм 661010;52,5;
Пассатижи Ермак 200мм 661011;68;
"Пассатижи ЕРМАК R-6"" /6* 661869";65;
"Пассатижи ЕРМАК R-7"" /6* 661870";67;
"Пассатижи ЕРМАК R-8"" /6* 661871";79;
Пассатижи Ермак комб. профи 160мм /6* 661203;93;
Пассатижи Ермак комб. профи 180мм /6* 661208;109;
Пассатижи Ермак комб. профи 200мм/6* 661209;129;
Пассатижи Ермак комб. шлиф. 160мм 661879;62;
Пассатижи Ермак комб. шлиф. 180мм 661880;70;
Пассатижи Ермак комб. шлиф. 200мм 661881;78;
Патрон для дрели метал. с ключом 13мм;97;
Патрон самозажимной 1,5-10мм;110;
Пила дисковая Ермак 150*32*24Т;106;
Пила дисковая Ермак 150*32*40Т;121;
Пила дисковая Ермак 200*32*24Т;136;
Пила дисковая Ермак 200*32*40Т;177;
Пила дисковая Ермак 250*32*40Т;275;
Пила дисковая Ермак 300*32*40Т;309;
Пила дисковая Ермак 300*32*60Т;413;
Пилки д/эл. лобзика набор;72;
Пилки д/эл. лобзика Т 144Д;54;
Пилки д/эл. лобзика Т119В;36,5;
Пилки д/эл. лобзика Т119ВО;36;
Пистолет д/выдавл.герметика 684020;48;
Пистолет д/герметика 6801;48;
Пистолет д/герметика усилен. 684014;137;
Пистолет д/герметика усилен. 684015 скелетн.;85;
Пистолет для монтажной пены 641200;278;
Пистолет д/пены FALCO;256;
Пистолет д/пены пластик;169;
Пистолет д/пены Стандарт 641065;328;
Плитка газовая;311;
Плиткорез 400мм;342;
Плиткорез-кусачки Ермак;75;
Плиткорез-кусачки с пластм. упором 200;67;
Полотно д/лобзика 125мм (20шт);46;
Полотно ножовочное;15;
Полотно ножовочное по металлу Россия;4,8;
Пылевыбивалка метал.;52;
Редуктор 2-1/2 Балтика;180;
Редуктор газовый Лягушка 1-1/2;133;
Резак для металлопл. 36см Ермак;151;
Резак для металлопл.труб.;94;
Рубанок 240х60мм одинарник деревянный;200;
Рубанок металл. Ермак 250мм А4;402;
Рубанок набор 2шт;256;
Рулетка 10м Ермак;158;
Рулетка 15м;202;
Рулетка 20м;270;
Рулетка 2м Jobi;22;
Рулетка 3м Jobi;29;
Рулетка 3м WSM;25;
Рулетка 5м;141;
Рулетка 5м Jobi /12*;42,5;
Рулетка 5м WSM;40;
Рулетка 7,5м WSM;52;
Рулетка Ермак 3м;42;
Рулетка Ермак 3м;36;
Рулетка Ермак 3м 658141;31;
Рулетка Ермак 3м обрезин. 658127;44,5;
Рулетка Ермак 3м черная;33;
Рулетка Ермак 3м.  658138;36,5;
Рулетка Ермак 5м;57;
Рулетка Ермак 5м 658128;71,5;
Рулетка Ермак 5м 658142;54,5;
Рулетка Ермак 5м автостоп;60;
Рулетка Ермак 5м магнит 658019;58;
Рулетка Ермак 5м серая;62,5;
Рулетка 5м Ермак черная;48;
Рулетка Ермак 7,5м 658143;88;
Рулетка Ермак 7,5м Автостоп;111;
Рулетка Ермак 7,5м.658140;115;
Рулетка Ермак двукомп. корпус Е096 7,5м;80;
Рулетка стронг 3м;45,5;
Рулетка-брелок Ермак 1м;19;
Рулетка-брелок Ермак 2м.;20;
Сеткодержатель на винтах 105*230мм;87;
Скоба 10мм 648035;44,5;
Скоба 10мм 648044;42;
Скоба 12мм большая;48;
Скоба 12мм. 648036;50,5;
Скоба 14мм 11,3;53;
Скоба 14мм больш.;50;
Скоба 6мм 648032;37;
Скоба 6мм 648040;28,5;
Скоба 8мм 648043;39,5;
Скоба 8мм. 648033;41,5;
Скоба №10 заостренные матрикс;45;
Скоба №6 заостренные матрикс;28,1;
Скоба №8 заостренные матрикс;35;
Стамеска дер. ручка 12мм;48;
Стамеска дер. ручка 16мм;51;
Стамеска дер. ручка 20мм;53;
Стамеска дер. ручка 25мм;58,5;
Стамеска дер. ручка 32мм;64;
Степлер меб. Ермак 4х функц.;414;
Степлер мебел. Ермак(4-8мм) Ермак;207;
Степлер мебельн. Матрикс 4-8;243;
Степлер регулир. тип 53 4-14мм;313;
Стусло 300*100 пластм. с пилой;283;
Стусло 300*65мм с пилкой;86;
Тиски 40мм;71;
Тиски 50мм;115;
Тиски 60мм;118;
Тиски 70мм;144;
Тиски 80мм;177;
Тонкогубцы 160мм 661472;88;
Тонкогубцы 180мм 661473;92;
Тонкогубцы профи 200мм 661493;110;
Топор 600гр ФАЛКО обрезин;202;
Топор А2 в сборе 2,0кг(Ижсталь);350;
Топор Б2 в сборе 1,2кг Ижсталь /14*;285;
Топор Б4 1,4кг без черенка/12*;280;
Топор Ермак ков.ручка  1000гр дерево;197;
Топор Ермак ков. ручка 600гр дерево;161;
Топор Ермак ков. ручка 800гр дерево;164;
Топор Ермак ков. ручка стекловол. 1000гр;298;
Топор Ермак ков. ручка стекловол. 600гр.;171;
Топор Ермак ков. ручка стекловол. 800гр;250;
Уголок линейка 500мм;85;
Уголок-линейка 250мм;46;
Уголок-линейка 300мм /12*;49,5;
Уголок-линейка 350мм /12*;61;
Уголок-линейка 40*60см Ермак;89;
Черенок д/граблей;30;
Черенок д/лопат;32;
Штангенциркуль 150мм;191;
Щетка 4-рядная по металлу с дер ручкой/12*;14;
Щетка 5-рядная по металлу с дер ручкой/12*;19;
Щетка 6-рядная по металлу с дер ручкой/12*;22;
Щетка металл д/УШМ 100мм М14 чашка 656047;83,5;
Щетка металл. д/ УШМ 100мм/14 крученная тарелка 656074;50;
Щетка металл д/УШМ 100мм/22мм крученая 656049;69;
Щетка металл.  для УШМ 150мм/22мм 656051;106;
Щетка металл д/УШМ 175мм/22мм 656052;154;
Щетка металл д/УШМ 200мм/22мм тарелка 656053;196;
Щетка металл. д/УШМ 65мм М14 чашка 656036;33;
Щетка металл д/УШМ 65мм/М14 крученая 656044;38;
Щетка металл д/УШМ 85мм крученая 656073;54;
Щетка металл. д/ УШМ 100мм /М14 656061;151;
Щетка металл. д/дрели со шпилькой 50мм чашка 656025;22;
Щетка металл. д/дрели со шпилькой 65мм крученая 656023;58;
Щетка металл. д/дрели со шпилькой 75 мм чашка 656027;33;
Щетка металл. со шпилькой д/дрели 100 мм плоская;35;
Щетка металл. со шпилькой д/дрели 65мм чашка 656026;26;
Щетка металл. со шпилькой д/дрели 75 мм плоская 656007;30;
Щетка металл д/дрели со шпилькой 75мм крученая 656024;72;
Щетка утюжок макси 3099;39;
Крепёж;;
Анкерный болт 10*100;10;
Анкерный болт 10*120;14;
Анкерный болт 10*80;8;
Доводчик 25-45кг;450;
Доводчик 45-65кг бронза;560;
Доводчик 65-85кг;700;
Доводчик 85-125кг;850;
Дюбель плас.5х25мм (100шт);14;
Дюбель полипр. с винтом 6*60;95,5;
Дюбель рамный 10*72;4,5;
Дюбель с шурупом 6*50 15шт;16,5;
Дюбель с шурупом 8*50 10шт;16,5;
Дюбель-гвоздь 4,5х50;172;
Заклепки 3,2*10мм;15;
Заклепки 3,2*6 мм;11,5;
Заклепки 3,2*8;15,5;
Заклепки 4*10;20,5;
Заклепки 4*12 мм;18;
Заклёпки 4х8 Ермак (50шт);19;
Заклепки 4,8*10мм/50*;24;
Заклепки 4,8*12 мм;26,5;
Заклепки 4,8*16мм;28;
Заклепки 4,8*8мм;22;
Кронштейн 30*30/150*;6,5;
Кронштейн меб. 20*20 цинк/;2;
Кронштейн меб. 30*30 цинк;3;
Кронштейн меб. 40*40 цинк/500*;3,5;
Кронштейн меб.50*50 цинк;4;
Кронштейн меб. 60*60 цинк;4,8;
Кронштейн меб. 80*80 цинк;6,6;
Опора мебельн. В1;18;
Саморез 4,2*13 п/ш 1000шт;191;
Саморез 4,2*13 п/ш 200шт;62;
Саморез 4,2*16 п/ш 1000шт;213;
Саморез 4,2*16 п/ш 200шт;70;
Саморез 4,2*16 п/ш со сверлом 200шт;69;
Саморез 4,2*19 п/ш 1000шт;246;
Саморез 4,2*19 п/ш 200шт;77;
Саморез 4,2*19 п/ш со сверлом 200шт;74;
Саморез 4,2*25 п/ш  1000шт;285;
Саморез 4,2*25 п/ш 200шт;89;
Саморез 4,2*25 п/ш со сверлом 200шт;87;
Саморез 4,2*38 п/ш 200шт;98;
Саморез 4,2*50 п/ш 100шт;67;
Саморез желтые 3,0*20 1000шт;95;
Саморез кровельный 4,8*28 250шт;273;
Саморез черный 3,5*16 1000шт;140;
Саморез черный 3,5*19 1000шт;143;
Саморез черный 3,5*19 200шт;47;
Саморез черный 3,8*25 1000шт;167;
Саморез черный 3,8*25 200шт;45;
Саморез черный 3,8*32 1000шт;208,5;
Саморез черный 3,8*32 200шт;64;
Саморез черный 3,8*35 1000шт;219;
Саморез черный 3,8*35 200шт;55;
Саморез черный 3,8*41 200шт;67,5;
Саморез черный 3,8*45 200шт;72;
Саморез черный 3,8*51 200шт;79;
Саморез черный 3,8*55 200шт;85;
Саморез черный 4,2*65 (500шт);208;
Саморез черный 4,2*65/100*;62;
Саморез черный 4,2*75 100шт;74;
Саморез черный 4,2*75 250шт;135,5;
Саморез черный 4,2*90/250*;208,5;
Саморез черный 4,8*100 250шт;297,5;
Саморез черный 4,8*120 250шт;395,5;
Шурупы;5;
Новогодние товары;;
Сувениры. Игрушки.;;
Мышь в деньгах 3,5см;8;
Мышь спортивная 3,5см;8;
Новогодние товары;;
Гирлянда электр. 100диод.;120;
Дед Мороз 25см;150;
Дед мороз 25см;330;
Елка 120см;585;
Елка 90см;195;
Елка заснеженная 90см;650;
Елка настольная 40см;160;
Елка с бусами;260;
Елка с шишками;285;
"Колпак ""Хочу Деда Мороза""";25;
"Колпак ""Хочу Снегурочку""";25;
"Колпак ""Хочу снегурочку""";43;
Мишура 10см;32,5;
Мишура 10см 1,5м/10*;17;
Мишура 5см;14,5;
Мишура тонкая;8;
Набор елочных украшений Снежок;34;
Набор игрушек 4шт;67;
Набор украшений груша 7см 2шт;41;
Набор украшений звезда 60мм 3шт;47;
Набор украшений юла 7см 2шт;42;
Набор шаров 4шт;136;
Набор шаров Подарок 4шт 7,5см;113;
Подвеска Ажур 15,5см 2шт;37;
Подвеска Елочка 6см 3шт;26;
Подвеска из пайеток;29;
Подвеска Шапочка 7см 2шт;18;
Подвеска шар/сосулька/юла 3шт;49;
Свеча д/торта витые 4шт;18;
Свеча черн. с бел. узором 6*7,5см;52;
Украшение Бабочка 2шт;16;
Украшение снежинка 9,5см 6шт;55;
Украшение Сосульки 15см 3шт;59;
Хлопушка Доллары;56;
Шары 100мм 4 шт серебро;139;
Шары 100мм 4шт золото;122;
Шары 100мм 4шт синий;126;
Шары 80см 6шт;99;
"Шары набор 7см 4шт ""Снег""";94;
Шары Сноу Бум пластик 60мм в дисплее/3*;35;
Шары Сноу Бум пластик 60мм звездочка /3*;39;
Отрава;;
Ампула Алатар;7,5;
Ампула Зубр/200*;5;
Ампула Искра золотая/350*;6,6;
Ампула Командор;7;
Ампула танрек/500*;6,5;
Антимоль пластины;13;
Антитаракан;28;
Бордоская Смесь 100гр;20;
Борька;12,5;
Дихлорэтан 30 мл.;17,5;
Дихлофос 180мл без запаха;37,4;
Дихлофос Варан 145мл без запаха;33,6;
Дихлофос с запахом;34,4;
Дихлофос Эконом;33,5;
Дохлокс гель от тараканов/12*;32;
Дохлокс от муравьев;31,5;
Жидкость неотокс;34;
Жидкость чистый дом;45;
Карандаш д/утюга;9;
"Клей д/ мышей ""Чистый дом""";58;
Клей д/мышей  60гр/40*;37;
Клей д/мышей 135мл/50*;60;
Клей д/мышей Блокада/40;50;
Клей д/мышей грызунофф;51;
Крем бальзам от укусов;22;
Крем ДЕТА 45 мл;30;
Крем детский от комаров;49;
Крем комарекс гель;19,5;
Крем Комарофф гель;21;
Крем ЧД;21;
Крем ЧД  детский;20,5;
Крысоловка 1шт;18;
"Мелок от тараканов ""Машенька""/";9,5;
Молемор;37,5;
Муравьин;7,5;
Мухолов москитол;39;
Мухолов Чистый дом;6;
Мышеловка;27,5;
Мышеловка дерево 2шт;21;
Отрава 150гр;15,5;
Отрава гранулы от мух.;8;
Отрава домовой 30гр;5;
Отрава Зерноцие -у зерно 200гр/40*;12,6;
Отрава зерноцин 100гр гранулы/100;11;
Отрава Зерноцин 50гр гранулы/100;6,6;
Отрава зерноцин зерно 100гр/70*;9,2;
Отрава Зерноцин;5,5;
Отрава Зоокумарин 50гр.;6,5;
Отрава Зоокумарин нео 150гр;12,5;
Отрава Крыс мумиф. 5доз;13,5;
Отрава Крысид 100гр;9,1;
Отрава Крысид 50гр;5,5;
Отрава Крысиная смерть;25;
Отрава от крыс мумиф. 150гр;33;
Отрава Федорино счастье 150гр;20;
Отрава Федорино счастье зерно 200гр;31;
Отрава Федорино счастье ТБ 150гр брикет;32;
Отрава Эфа гранулы 30гр;7;
Отрава Эфа гранулы 50гр;7,7;
Отрава Эфа зерно 100гр;12,5;
Отрава Эфа зерно 30гр/170*;7,1;
Пластины Комарофф.;7,5;
Пластины Москитол от комаров;16;
Пластины от комаров Раптор;27,5;
Пластины от комаров/160*;6,5;
Пластины от мух Москитол.;24,5;
Прибор ДИК 2 простой;21;
Прибор ДИК 6 универ.;26;
Рефтамид голубой;57,6;
Спираль от комаров Москитол;33;
Спрей АНТИКЛЕЩ комарофф;40;
Спрей ДЕТА детский 50мл;72;
Спрей Дета;67;
Спрей кедровый;39;
Спрей Комарофф;54;
Спрей лесной;43,5;
Москитол спрей;83;
Спрей Хамелеон антиклещ;67;
Удобрение д/цветов 0,5л/6*;27;
Шарики от моли;21,5;
Печное оборудование;;
Дверка поддувальная ДП-1 150*160;307;
Дверка прочистная 150*112 Балезино;276;
Дверка прочистная ДПр-2 Рубцовск 170*145;312;
Дверка топочная ДТ-3 250*210 Рубцовск;672;
Дверка топочная ДТ-4 Торопец 270*295 (250*280);622;
Задвижка ЗВ-1У Балезино 280*190;350;
Колосник 180*250 Балезино;181;
Колосник 180*250 Рубцовск;234;
Колосник 200*300мм Балезино;370;
Колосник 250*180 Рубцовск;238;
Колосник 300*400;600;
Колосник 380*250 Балезино;425;
Пластмасса;;
Ведро 10 литров пласт;36;
Ведро 10л ПОДОЙНИК пластм.;69;
Ведро 12л пласт.;40;
Ведро 4л;36,5;
Ведро 5 л узкое пласт;24,5;
Ведро 5 литров широкое пласт;21,5;
Ведро 8,5л;35;
Ведро с отжимом 9л;104;
Ведро туалет 18л;175;
Ведро туалет уценка;120;
Ковш 1л;21;
Ковш оцинк;80;
Ковш пласт. 0,8л Мега;21;
Ковш пластм. 1,5л Мега;24;
Мега ведро 12л;69;
Мега Ведро пласт 5л;41;
Мега Ведро пластм. 7л;59;
Мега Крышка к ведру 7л;20;
Мега Таз 10л круглый;55,5;
Мега Таз 12л;57;
Мега Таз 17л;108;
Мега Таз 20л;122;
Мега Таз 7л круглый;46;
Мега Таз 9л квадратный;57,5;
Поилка;11;
Совок + щетка Клио;45;
Мега Совок д/мусора;17,5;
Совок Сандра;20,5;
Совок+щетка-сметка;35;
Таз 5л пласт;22;
Таз пласт. 10л;33;
Таз пласт. 12 литров с ручками;37,5;
Таз пласт. 12л;37;
Таз 15 литров;44;
Садово-Огородный инвентарь;;
Адаптер 1/2*3/4 с футоркой;12;
Адаптер 1/2/50*;10;
Адаптер 3/4 вн. резьба;8,5;
Адаптер 3/4 нар. резьба;9;
Бороздовичек с дер. ручкой;27;
Ванна оцинк. 40л;285;
Ванна оцинк. 70л;380;
Ведро 12л. оцинкованое;81;
Ведро 12л. черное железное;79,5;
Ведро 15л. оцинкованое;103;
Ведро оцинков. 9л.;77;
Грабли 12ти зубые;34;
Грабли веерные проволочные 18 зуб окр.;67;
Грабли веерные проволочные 18 зубьев;66;
Коса №7;250;
Коса №8;299;
Культиватор ротационный;181;
Лейка 3л;37;
Лопата совковая ЛСП (Магнитогорск);57;
Лопата штыковая ЛКО (Магнитогорск);69;
Мангал;200;
Мангал с шампурами;190;
Мотыжка малая;28;
Мотыжка радиусная 200мм;38;
Набор инвентаря в блистере;68;
Набор цветочный 4пр.;91;
Ножницы бордюрные 500мм;266;
Переходник двусторонний  330063;16;
Пистолет душ Жук с фиксатором 1/2-3/4;60;
Пистолет душ Жук с фиксатором с цанговым креплением 3/4;70;
"Плоскорез ""Гидра""";115;
"Плоскорез ""Фокина"" большой б/ч";109;
"Плоскорез ""Фокина"" с черенком";109;
Распылитель 4х лепестковый 011807;28;
Распылитель 5ти лепестковый 011808;32;
Решетка гриль эконом;70;
Розжиг 0,5л;32;
Рыхлитель комбинир. с 4мя витыми;29,5;
Секатор 220мм зубчатый;124;
Секатор 220мм никел покр;122;
Серп;48;
"Серп 18"" 450мм";65;
Совок посадочный  оцинк;19;
Совок садовый посад. пласт. ручка;15;
Соединитель д/шланга 3/4-1/2;5,5;
Таз 13л оцинк.;120;
Таз 9л оцинк;107;
Торф. таблетки 41;3,5;
Тройник 3/4-3/4-3/4/25*;36;
Тяпка мотыга 150мм;37;
Тяпка мотыга мм;50;
Тяпка полольник петлевидный;108;
Тяпка-мотыга остроугольная;59;
Уголь 2кг;60;
Уголь 3кг;80;
Уголь 5кг;130;
Шампур 500*10*1,5мм уголок;12;
Шампура металл.;10;
Шланг ПВХ прозрачный 3/4 25м;300;
"Шланг полив. ""Олимп"" 3/4 25м";380;
Шланг полив. резин 3/4 18м;550;
Штуцер 1/2*12 Н новый;14,5;
Сантехника;;
Арматура д/смывн. бачка кнопочная;192;
Арматура универс. АБ-2000 Т;97;
Бочата диам. 15;7;
Бочата диам. 20;9;
Бочата диам. 25;14;
Бочата 40;25;
Вантуз (ПЦ) ТМ;42;
Вантуз 130мм Сибртех;55;
Вентиль латун. ДУ-15 Бологое;116;
Вентиль латун. ДУ-20 Бологое;161;
Вентиль латун. ДУ-25;219;
Вентиль латун. ДУ-32 Бологое;394;
Вентиль чугун. ДУ-20;108;
Вентиль шар. ТМ для мет.пл.тр. 1/2х20  м/ц;107,5;
Вентиль шар. ТМ для мет.пл.тр. 1/2х20  п/ц;110;
Вентиль шар. ТМ для мет.пл.тр. 16*20ц/ц;134;
Вентиль шар. ТМ д/мет.пл.тр 20*20ц/ц;178;
Вентиль шар. ТМ для мет.пл.тр. 3/4*16п/ц;140;
Ерш;30;
Ерш;16;
Заглушка 1/2 П латунь;8;
Картридж керам. 40мм;28;
Колонка пласт.АБ-118(Т0;33;
Контактная пара;22;
Контр. гайка ДУ 15;5,5;
Контр. гайка ДУ 20;7;
Кран букса 1/2 керамич. 24шл.;41;
Кран букса 18*1 керамич. 033;45;
Кран-букса 18*1 резина 575860;35,5;
Кран букса 18*1 резина под крест 575162;36;
Кран букса 3/8 керамич. 24шл;24;
Кран букса 3/8 керамич. под квадрат 575014;24,5;
Кран букса 3/8 резина под квадрат;23;
Кран букса 3/8 резина под крест 24шл.;27;
Кран водоразб. 15 латунь;96,5;
Кран водоразб. 9601-А207 штуцер;85;
Кран водоразб. 9605-А203 1/2;70;
Кран водоразб. 9609-А207;89;
Кран водоразб. 9609-В130 крест 1/2;97;
Кран водоразб. кор. нос;95;
Кран водоразб. кор. нос 9601-В130 крест;96;
Кран водоразб. кор. нос 9605-В130;99;
Кран газовый 15;78;
Кран д/стир. машин 1/2М*3/4П*1/2П/20*;69;
Кран шар 20 332 американка;181;
Кран шар. 20 бабочка ММ 330 крепыш 103214;133;
Кран шар. 20 бабочка ПМ 331 0103243;162,1;
Кран шар. 20 крепыш  длин. ручка МП 321 0103202;162;
Кран шар. 20 крепыш ММ 320 длин. ручка 103198;139;
Кран шар. 20 стандарт 221 ПМ 103184;120;
Кран шар. 20 стандарт ММ 220 103182;105;
Кран шар. 20 стандарт ММ 230 бабочка 103187;117,5;
Кран шар. 25 ММ 0103154;199;
Кран шар. 25 МП;219;
Кран шар. 32 ММ;325;
Кран шар. 32 ПМ;381;
Кран шар. 40ММ;480;
Кран шар. 40 МП;543;
Кран шар.50 ММ;636;
Кран шар 50 МП;800;
Кран шар. мод 3/4 ГБ бабочка;59;
Кран шаровый 20 ПМ бабочка;59;
Кран шар. мод. 3/4 ГБ длин. ручка;59;
Кран шар. мод. Ит. 1/2 ПМ бабочка;47;
Кран шар.ДУ 15 длиная ручка ММ 220 103150;67;
Кран шар.ДУ 15 ММ бабочка 103212;99,1;
Кран шар.ДУ 15 ПМ бабочка 103218;113;
Кран шар.ДУ 15 ПМ длин. ручка 103200;101;
Кран шар.ДУ 15 стандарт 221 МП 103152;87,5;
Кран шар.ДУ 15 стандарт 231 бабочка ПМ 103165;78;
Кран шар.ДУ 15 стандарт ГГ бабочка 230 103163;67,5;
Кран шаровый 15 332 американка;123;
Кран шаровый с фильтром 1/2 латунь /10*;163;
Крестовина ДУ 15;24;
Лейка д/душа 1режим 2839;52;
Лейка д/душа 3 режима 2836;139;
Лента ФУМ 12мм 10м /10*;9;
Лента ФУМ 12мм*10м Спарта;8,5;
Лента Фум 12мм/10м/10* желтая;7,5;
Лента ФУМ большая желтая;15;
Лента ФУМ для воды Мастер Лайн. 20*0,2*10м;53;
Лента ФУМ Мастер Лайн 15*0,2*5м;30;
Манжета конусная;5,5;
Манжета рюмочная;7;
Муфта 3/4 латунь;48;
Муфта G1/2 латунь;37;
Муфта ДУ 15;9;
Муфта ДУ- 20;12;
Муфта ДУ 25;18,5;
Муфта ДУ- 25 пластм.;10;
Муфта ДУ-20 пластм.;9;
Патрубок NTM для мет. пл. тр. 1/2х16 м/ц;46;
Патрубок NTM для мет. пл. тр. 1/2х16 п/ц;35;
Патрубок NTM для мет. пл. тр. 1/2х20 м/ц;62;
Патрубок NTM для мет. пл. тр. 1/2х20 п/ц;57,5;
Патрубок NTM для мет. пл. тр. 16*16ц/ц;64;
Патрубок NTM для мет. пл. тр. 16х20 ц/ц;76;
Патрубок NTM для мет. пл. тр. 3/4*16 м/ц;45;
Патрубок NTM для мет.пл.тр.3/4*16 п/ц;45,5;
Патрубок NTM для мет. пл. тр. 3/4*20 м/ц;60;
Патрубок NTM для мет.пл.тр. 3/4*20 п/ц;54;
Патрубок NTN для мет. пл. тр. 20*20 ц/ц;89;
Переходник 1/2 лат. ПМ;37;
Переходник 1/2*3/4 ПМ лат.;39;
Переходник 3/4-3/4 бочонок латунь;23,5;
Переходник 3/4-3/4 чугун;10,5;
Переходник NTM углов. для мет.пл.тр. 1/2*16 м/ц;43,5;
Переходник NTM углов. д/мет.пл.тр.1/2х16 м/ц пристен.;67,5;
Переходник NTM углов. д/мет.пл.тр.1/2х20 м/ц;61;
Переходник NTM углов. д/мет.пл.тр.1/2х20 п/ц;58,5;
Переходник NTM углов. д/мет.пл.тр.16х16 ц/ц;58,7;
Переходник NTM углов. для мет. пл. тр. 20*20 ц/ц;86;
Переходник NTM углов. д/мет. пл. тр. 3/4*16 м/ц пристен.;82;
Переходник NTM углов. д/мет.пл. тр.3/4*16 п/ц;58;
Переходник NTM углов. д/мет. пл. тр. 3/4*20 м/ц;72;
Переходник NTM углов. д/мет. пл. тр. 3/4*20 п/ц;63,5;
Подводка 100  Акватехника смеситель пара;122;
Подводка 100 Г/Б Акватехника;63;
Подводка 100 Г/Г Акватехника;54;
Подводка 120 Г/Б Акватехника;65;
Подводка 120 Г/Г Акватехника;69;
Подводка 120 смеситель Акватехника пара;126;
Подводка 150 Г/Б Акватехника;77;
Подводка 200 Г/Г Акватехника;97;
Подводка 30см ПМ;45;
Подводка 40 Акватехника смеситель пара;52;
Подводка 40 Г/Б Акватехника;52;
Подводка 40 Г/Г Акватехника;41;
Подводка 50 Г/Б Акватехника;55;
Подводка 50 Г/Г Акватехника;42;
Подводка 50 смесит. Акватехника пара;78;
Подводка 50см  смеситель по штучно;38;
Подводка 60 Г/Б Акватехника;50;
Подводка 60 Г/Г Акватехника;45;
Подводка 60 смесит. Акватехника штука;39;
Подводка 60см к смесителю (пара);85;
Подводка 80 Г/Б Акватехника;65;
Подводка 80 ГГ Акватехника;53;
Подводка 80 смеситель пара;95;
Подводка баррус 40 ГГ;32;
Подводка баррус 40 ПМ;32;
Подводка баррус 50 ГГ;35;
Подводка баррус 50 ПМ;35;
Пробка д/ванной резиновая черная;10;
Пробка д/ванной резиновая черная с цепочкой;28;
Пробка д/ванной силиконовая с цепочкой;36;
Резьба ДУ- 15;5,5;
Резьба  ДУ- 20;7,3;
Резьба ДУ-25;11;
Резьба  ДУ- 32;14,5;
Резьба  ДУ- 40;17,5;
Ремкомплект №1 для сифонов мойки и раковины;41;
Ремкомплект №2 д/ сифонов под ванную;39;
Ремкомплект смесителя имп №1;9;
Ремкомплект смесителя отеч №1;10;
Ручка д/смесителя пласт. под. квадрат;14,5;
Сгон ДУ-15;11,5;
Сгон ДУ-20;14;
Сгон ДУ 25;23;
Сгон ДУ 32;29;
Сеточка в раковину маленькая металл;2,5;
Сеточка в раковину пластм;3;
Сифон д/ванн;225;
Смеситель QUARTZ 1/2 д/кухни на одну воду;155;
Смеситель д/ванны 566021;502;
Смеситель д/ванны 566137;710;
Смеситель д/ванны 566160;586;
Смеситель д/ванны 566169;645;
Смеситель д/ванны 566172;610;
Смеситель д/ванны 566343;590;
Смеситель д/кухни 566005;445;
Смеситель д/кухни 566010;189;
Смеситель д/кухни 566031;454;
Смеситель д/кухни 566163;259;
Смеситель д/кухни 566166;363;
Смеситель д/кухни 566338;322;
Смеситель д/кухни Клабб 566091;263;
Смеситель д/кухни Клабб 566151 по 2 в коробке;245;
Смеситель д/кухни на ОДНУ воду 566284;128;
Смеситель д/кухни пристенный 566036;295;
Стерилизатор;19;
Счетчик воды СГВ-15;400;
Тройник 1/2 ВВВ новый;28,5;
Тройник 1/2 ВВН новый;29;
Тройник 1/2 ВНВ новый;29,5;
Тройник 1/2 ВНН новый;30;
Тройник 1/2 МММ;76;
Тройник 1/2 ММП лат.;57;
Тройник 1/2 МПМ;71;
Тройник 1/2 НВН новый;30,5;
Тройник 1/2 ННН новый;26;
Тройник 1/2 ПМП;50;
Тройник 1/2 ППМ;71,5;
Тройник NTM д/мет.пл.тр. 16х1/2х16 ц/м/ц;77;
Тройник NTM д/мет.пл.тр. 16х1/2х16 ц/п /ц;70;
Тройник №15;17,5;
Тройник №20;26,5;
Тройник №25;21;
Трос сантехнический 10м 10мм;600;
Трос сантехнический 2,5м 9,0мм;105;
Трос сантехнический 20м;1235;
Трос сантехнический 3м 10мм;197;
Трос сантехнический 5м 10мм;317;
Трос сантехнический 5м 6,5мм;178;
Труба металлопл. 20 хол.вода  шовная 100м;20;
Уголок 1/2 ВВ новый;24,5;
Уголок 1/2 ВН новый;24;
Уголок 1/2 ММ;50,5;
Уголок 1/2 НН новый;23;
Уголок диам 15;13;
Уголок диам. 20;19;
Уголок диам. 25;27;
Уголок ДУ 32;48;
Фиксатор для мет.пл.тр. 20 (Рос);1,6;
"Фильтр мех. очистки 1/2""";79;
"Фильтр мех. очистки 3/4""";104;
Фум гель 6мл;44;
"Хомут ""Норма"" 08-12мм";12,6;
"Хомут ""Норма"" 10-16мм";12,5;
"Хомут ""Норма"" 12-18мм";13;
"Хомут ""Норма"" 12-22мм";13,1;
"Хомут ""Норма"" 16-27мм";13,7;
"Хомут ""Норма"" 20-32мм";13,9;
"Хомут ""Норма"" 25-40мм";15,7;
"Хомут ""Норма"" 30-45мм";15;
"Хомут ""Норма"" 35-50мм";16,5;
"Хомут ""Норма"" 40-60мм";16;
"Хомут ""Норма"" 50-70";17;
"Хомут ""Норма"" 60-80мм";18,5;
Хомут 2,5*100 пластик;12;
Хомут 2,5*150 пластик;16,5;
Хомут 2,5*200 пластик;29;
Хомут 3,6*150 пластик;33,5;
Хомут 3,6*200 пластик;45;
Хомут оцинк. 12-18мм;7,8;
Хомут оцинк. 12-22мм;8;
Хомут оцинк. 16-27мм;8,1;
Хомут оцинк. 20-32мм;8,2;
Хомут оцинк. 25-40мм;7,5;
Хомут оцинк. 32-50мм;10,5;
Хомут оцинк. 40-56мм;11,15;
Хомут оцинков. 50-70мм;12,3;
Хомут Спарта  14-27мм 5шт;23;
Хомут Спарта 18-25мм;22;
Шланг д/душа 150см имп-имп;76;
Шланг д/душа 150см имп-рус;70;
Шланг д/душа 150см рус-рус;58,1;
Шланг заливной 2,5м;84;
Шланг сливной для стиральной машины 1м;40;
Штуцер 1/2 *10 Н новый;13,5;
Штуцер 1/2 М д 12 новый;14;
Штуцер 1/2 Н д 14мм новый;15,5;
Штуцер 1/2*14 М новый;15;
Фурнитура;;
Крючки;;
Крючки 2шт 440075;9,5;
Крючки 2шт 440079;7;
Крючки блистере 6пр.;25;
Крючки вязальные;27;
Крючки на лип. 2шт. 440146;11,5;
Крючки на планке 2*3;36;
Крючок  КВ-2 бронза;14,5;
Крючок 1001 хром;14;
Крючок 1007 бронза;11,5;
Крючок 1007 золото;16;
Крючок 1007 хром;11,5;
Крючок 231 белый;11;
Крючок 231В золото;11;
Крючок 231В медь;11;
Крючок 231В хром;10,5;
Крючок 513 белый;21;
Крючок 513 золото;23,5;
Крючок 513 медь;21;
Крючок 513 хром;21;
Крючок 609 С золото/70*;14;
Крючок 609М золото/80*;10,5;
Крючок 609М хром;10,5;
Крючок 843 белый;16;
Крючок 843 золотой;16;
Крючок 843 хром;16;
Крючок ветровой КР-100 цинк;11;
Крючок вешалка №11;34;
Крючок вешалка №12;28;
Крючок вешалка №2;7,5;
Крючок вешалка №3;12,5;
Крючок вешалка №7;7,8;
Крючок гардинный /50*;14;
Крючок дверной КД 75 цинк;11,5;
Крючок дверной КД цинк;23;
Полкодержатель 2шт.;25;
Навесы;;
Навес KORAL пр.3 х2,5 х 2 (золото) Левая /2*;31;
Навес KORAL пр.3 х2,5 х 2 (золото) Правая /2*;31;
Навес KORAL пр.3*2,5*2 золото;32;
Навес KORAL пр.3х2,5х2 (белый) /2*;32;
Навес KORAL пр.4х3х2  Левая /2*;41;
Навес KORAL пр.4х3х2  Правая /2*;41;
Навес KORAL пр.4х3х2 (белая) /2*;39;
Навес KORAL пр.4х3х2 (золото) /2*;39;
Навес KORAL пр.4х3х2 (хром) /2*;39;
Навес KORAL пр.4х3х3 (золото) /2*;50;
Навес KORAL пр.4х3 х 3 (хром/2*;50;
Навес KORAL пр.5х3х2 (белый) /2*;47;
Навес KORAL пр.5х3х2 (золото) /2*;47;
Навес KORAL фиг.3х2,5х2 (золото) /2*;36;
Навес KORAL фиг.3х2,5х2 (хром) /2*;36;
Навес KORAL фиг.4х3х2 (белая) /2*;43;
Навес KORAL фиг.4х3х2 (золото) /2*;46;
Навес KORAL фиг.4х3х2 (хром) /2*;43;
Навес KORAL фиг.5х3х2 (белый) /2*;49;
Навес KORAL фиг.5х3х2 (хром) /2*;49;
Петля 110 левая;18,5;
Петля 110 правая;18,5;
Петля 130 левая Кунгур;21;
Петля 130 правая Кунгур;21;
Петля 62,5мм золото/20* штука;5;
Петля 85 левая;14;
Петля 85 правая;14;
Петля гаражная д 18 100мм с шариком;33;
Петля гаражная д 20 110мм с шариком;39;
Петля гаражная д 30 140мм с шариком;83;
Петля гаражная д 32 140мм с шариком;88;
Петля мебельная наружная /100*;14;
Петля накладная ПН-40 Кунгур;4,5;
Петля накладная ПН-60 Нытва;7;
Петля рояльная (500 мм) без покрытия;21;
Петля-стрела ПС 130;23;
Петля-стрела ПС 160;24;
Петля-стрела ПС-210 Кунгур;26,5;
Петля-стрела ПС-250;28;
Петля-стрела ПС-290 Кунгур /30*;52;
Петля-стрела ПС-370 (б.покр);86;
Петля стрела ПС-420;90;
Петля-стрела ПС-500 б/п;99;
Петля-стрела ПС 600;110;
Пластина крепежная 100*35*2,0 ГОЦ;5,5;
Пластина крепежная 140*55*2,0 ГОЦ;10;
Пластина крепежная 180*65**2,0 ГОЦ;15,5;
Пластина крепежная 210*90*2,0 ГОЦ;22,5;
Уголок крепежный 135*70*70*55*2,0 ГОЦ;10,5;
Уголок крепежный 135*90*90*65*2,0 ГОЦ;16,5;
Уголок крепежный 70*70*55*2,0 ГОЦ;11,5;
Ручки;;
Замок мебельный 303;17;
Ручка дверн. РДК 115 ант/бронза кнопка;48,5;
Ручка кнопка 2881 золото;13;
Ручка кнопка 2881 хром;13;
Ручка кнопка ДРК-2Б Снежинка;31,5;
Ручка меб. кнопка Букетик;21;
Ручка меб. кнопка Роза;21,5;
Ручка меб. скоба  Ажур;37;
Ручка меб. скоба Лира;18,5;
Ручка мебельная 2001-96 золото;19,5;
Ручка мебельная 2001-96 мат. хром;16,5;
Ручка мебельная 2001-96 хром;16,5;
Ручка мебельная 2058-96 хром золото;17;
Ручка мебельная 2058-96 хром хром;17;
Ручка мебельная 207-96 светл.;12;
Ручка мебельная 2077-96 зол./мат;23,5;
Ручка мебельная 2077-96 хром/ матов.;23,5;
Ручка мебельная 211С-96 белая;6,5;
Ручка мебельная 211С-96 золото;6,5;
Ручка мебельная 211С-96 хром;6,5;
Ручка мебельная 2137-96 хр/зол;12;
Ручка мебельная 2137-96 хр/хр;12;
Ручка мебельная 3059-96 золото;15,5;
Ручка мебельная 3059-96 хром;15,5;
Ручка мебельная 8627-96 зол./60*;19,1;
Ручка мебельная бронза Гламур 12см;30,5;
Ручка мебельная бронза Изыск 7см;14,5;
Ручка мебельная бронза Фараон 15,5см;22;
Ручка мебельная Дельфин 8705-96 хром;18;
Ручка мебельная медь Бамбук 6см;14,8;
Ручка мебельная медь Лилия 12,5см;22,5;
Ручка мебельная медь Лора 7,5см;14,7;
Ручка-кнопка 3024 золото;14;
Ручка-кнопка 3024 хром;14;
Ручка-кнопка 306 белый;7,5;
Ручка-кнопка 306 золото;7,5;
Ручка-кнопка 306 хром;7,5;
Ручка-скоба дер. РС 100-РС-Т;38;
Ручка-скоба дер. РС-100-ТР;47;
Ручка-скоба дер. РС-140 РС-Т;45;
Ручка-скоба дер. РС-140-ТР;52;
Ручка-скоба дер. РС-170-Т;55;
Ручка-скоба дерев. РС-200Т;60;
Ручка-скоба дер. РС-250Т;65;
Ручка-скоба дер. РС 300Т;69;
Ручка-скоба дерев РС-220 банная;81;
Ручка-скоба дерев. РС-100-140 банная;78;
Ручка-скоба РС-100-1 ант/белый/золото;53,5;
Ручка-скоба РС-100-1 ант/белый/серебро;54;
Ручка-скоба РС-100-1 ант/медь;53,3;
Ручка-скоба РС-100-1 ант/серебро;53,7;
Ручка-скоба РС-100-1-1 бел;53,1;
Ручка-скоба РС-100-2 ант/бел/золото;53,15;
Ручка-скоба РС-100-2 ант/бел/серебро декор.;54,5;
Ручка-скоба РС-100-2 полимер;21;
Ручка-скоба РС-100-3 цинк;16;
Ручка-скоба РС-100-4 цинк;22,5;
Ручка-скоба РС-68 пол;12,5;
Ручка-скоба РС-80-2 бел к с5128;17;
Ручка-скоба РС-80-2 бел. Б;20;
Ручка-скоба РС-80-3 пол;18;
Фурнитура;;
Глазок дверной 200мм;10;
Завертка цинк;8;
Задвижка дверная ЗД-06 полимер;69;
Задвижка дверная ЗД-09 полимер;67;
Задвижка дверная. ЗД-02 полимер/20;64;
Задвижка дверная. ЗД-02 цинк/20;56;
Зажигалка;9,5;
Зажим без кольца (200шт);260;
Зажим д/штор с большим кольцом/100;195;
Зажим д/штор со средним кольцом/100;185;
Зажим на блистере (16шт);16,5;
Зажим пласт. белый;105;
Зажим с маленьким кольцом /100шт*;170;
Засов дверной 70*100мм;65;
Засов дверной 70*120мм;80;
Засов дверной 70*85мм;59;
Карабин 11*120;42;
Карабин 12*140;43;
Карниз струна (пластм. крючок) 10метр.;40;
Карниз струна (пластм. крючок) 7метр.;35;
Карниз струна 10метр (металл.крючок) /40*;53;
Карниз струна 7метр (металл.крючок) /40*;48;
Крепеж;4;
Кронштейн д/полки 125*150;13,5;
Кронштейн д/полки 150*200;15,5;
Кронштейн д/полки 200*250;22;
Кронштейн д/полки 250*300;31,5;
Кронштейн д/полки 300*350;38,5;
Линейка 1м;72;
Линейка железная 50см;23;
Мультиметр 83;240;
Мультиметр цифровой 182;163;
Накладка дверная НД б/п;12,5;
Накладка дверная НД цинк;14;
Накладка дверная НД-1(цинк);18;
Накладка дверная НДА б/п;23;
Накладка НД1 пол.;22;
Накладка НДА полимер;28;
Накладка НДА цинк;25;
Проушина  18*50 прямая за пару;4;
Проушина 30*100 цинк прямая пара;15;
Проушина 30*75 гнутое пара;16;
Проушина 40*75 угловая пара;12;
Проушина гнутая 30*40 цена за пару;16,5;
Проушина прямая 70х30 б/покр (2шт);9;
Проушина угловая 18*50 никель  (2шт);5;
Пружина дверная 280/24мм/30* цинк;49;
Пружина дверная 280мм/18,5 мм(Цинк);33;
Пружина дверная 280мм/18.5мм;27;
Пружина дверная 30мм цинк;60;
Пружина дверная 30мм;56,5;
Пружина черная;42;
Уголок мебельный 25*25;2,5;
Уголок мебельный 26*26;3,1;
Уголок мебельный 28х28 (б/покр.) фасов.;3,5;
Уголок мебельный 30*30 цинк/500;3,6;
Уголок мебельный 32*32 цинк/400;4,1;
Уголок оконный без покр 100*100;2,2;
Уголок оконный без покр 50*50;1,5;
Уголок оконный без покр 75*75;2;
"Уровень 100 см Ермак ""Рельс""";144;
Уровень 120см Ермак Рельс;154;
Уровень 150см Ермак Рельс;206;
Уровень 180см Ермак Рельс;190;
Уровень 200см Ермак Рельс;261;
Уровень 40см Ермак Рельс;73;
"Уровень 60 см  Ермак ""Рельс""";91;
Уровень 80см Ермак  Рельс;132;
Уровень лазер;520;
Уровень с фронтальным глазком 40см;116;
Уровень с эргоном с ручками 100см Ермак;260;
Уровень с эргоном с ручками 120см;324;
Уровень с эргоном с ручками 180см;390;
Уровень с эргоном с ручками 200см;481;
Уровень с эргоном Ермак с ручками 60см;172;
Уровень с эргоном с ручками 80см Ермак;232;
Уровень строительный  80 см;100;
Уровень строительный 100 см;134;
Уровень строительный 40см;63;
Уровень строительный 60 см;78;
Фиксатор дверн с шариком золото /2*;18,5;
"Шпингалет 2"" золото";21,5;
"Шпингалет 2,5"" золото";22,5;
"Шпингалет 2,5"" хром/50*";22,5;
Шпингалет 807В золото;19;
Шпингалет ЗТ 1 цинк;9,5;
Шпингалет ЗТ 3 полимер;16;
Шпингалет ЗТ полимер;14;
Шпингалет ЗТ с ц.дв. цинк;13;
Шпингалет ЗТ1 с ц. дв. цинк;11;
Шпингалет ЗТ4 цинк;11,5;
Шпингалет ЗТЗ цинк;13,5;
Хозтовары;;
Малярное;;
Валик 100 поролон;33,5;
Валик 150  искусств. мех;30,5;
Валик 150мм поролон без шва;36;
Валик 180мм Гирпаинт;75;
Валик 180мм Микрофибра;60;
Валик 180мм тигр;62;
Валик 200 поролон;41;
Валик 250 поролон;44;
Валик прижимной 40 мм резиновый;34;
Валик 180мм прижимной д/обоев;80;
Валик для обоев прижимной 150мм;57;
Валик из натур. меха Ягненок 100мм;32;
"Валик натур. мех ""Ягненок"" 150мм";35,5;
Валик из натур. меха Ягненок 200мм;38,5;
Валик из натур. меха Ягненок 250мм;42;
Валик сменная насадка 250мм;16;
Валик сменный 150мм;13;
Валик сменный 200мм;14;
Ванна д/краски средняя;32,5;
Ванна д/краски 330*350;57;
Изв. паста;160;
Известь 3кг.;32;
Кисть Бабка 63 мм;18,5;
Кисть Внучка 50 мм;16,5;
Кисть Дедка 75 мм;28;
Кисть Жучка 38 мм;12;
Кисть Кошка 25 мм;7,5;
Кисть круглая;80;
Кисть круглая 35мм;12,5;
Кисть круглая 40мм;17,5;
Кисть круглая 45мм;26;
Кисть круглая 50мм;38;
Кисть круглая 55мм;47;
Кисть круглая 60мм/6* №18;55;
Кисть круглая 65мм;70,5;
Кисть круглая 70мм;65;
Кисть Мышка 20 мм;5;
Кисть радиаторная /12*;22;
Кисть Репка 100 мм;40;
Кисть стандарт 100мм;33,5;
Кисть стандарт 125мм;45;
Кисть стандарт 20мм;4;
Кисть стандарт 25мм;8;
Кисть стандарт 38 мм;11;
Кисть стандарт 50мм;16;
Кисть стандарт 63мм;18;
Кисть стандарт 75мм;25;
"Кисть флейцевая 1,5"" 38мм";7;
Кисть Эксклюзив 100мм;88;
Кисть Эксклюзив 25мм;10;
Кисть Эксклюзив 38мм;21;
Кисть Эксклюзив 50мм;36,5;
Кисть Эксклюзив 63мм;53;
Кисть Эксклюзив 75мм;61;
Кисть-макловица 100х30мм натур.щетина пл. корпус /6*;39;
Кисть-макловица 120х30мм натур.щетина пл. корпус /6*;46;
Кисть-макловица 140*40мм;75;
Кисть-макловица 150*50мм;90;
Кисть-макловица 30*70мм;29;
Клей д/обоев 150г;14;
Клей обойный 300гр;22,5;
Клей жидкие гвозди универс 400г;113;
Клей обойный  ЭКОН Виниловый 200гр;63;
Клей обойный  ЭКОН Универсальный 200гр;58;
Малярный карандаш;2,3;
Мастерок бетонщика;75;
Мастерок печника;74;
Мастерок штукатура 200мм;76;
Миксер д/ краски и штукат. смесей;92;
Миксер д/ краски и штукат. смесей;52;
Миксер д/краски 8*60*400мм;42;
Миксер д/краски 8*80*400;45;
Набор шпателей 40-60-80 мм (белая);44;
Набор шпателей 40-60-80мм 3шт. черная резина;38,5;
Очиститель;78;
Очиститель Аквафоам;85;
Очиститель д/пены Омск;90;
Пена бытов МАКРОФЛЕКС 750мл;207;
Пена бытовая Аквафоам 570гр;133;
Пена бытовая Омск;132;
Пена бытовая Пиппо 520гр;124;
Пена монтажная Мастикс про 65;175;
Пена монтажная проф. Аквафоам;165;
Пена Омск проф. ВН;190;
Пена проф Мастикс 850мл;140;
Пена проф. МАКРОФЛЕКС 800мл;215;
Пена проф. Момент/16*;205;
Скотч двустор. 50мм*25м;114;
Скотч двусторон. 48мм*5м;24,5;
Скотч двухстор. 50мм*5м;28;
Скотч двухсторон. 38мм*5м;20,5;
Скотч малярный 38мм*10м /42*;11;
Скотч малярный 50мм 10м/6*/36*;14;
Скотч прозр. 48мм*120м/6*/36*;57;
Скотч прозр. 48мм*18м/6*/36*;11,5;
Скотч прозр. 48мм*25м/6*;15,5;
Скотч прозр. 48мм*36м/6*/36*;20;
Скотч прозр. 48мм*45м/6*36*;24;
Скотч прозр. 48мм 50м/6*36*;26;
Шпатель 100мм;14;
Шпатель 100мм 683045;29;
Шпатель 100мм полир. 683004;67;
Шпатель 125мм 683005;58;
Шпатель 150мм 683006;72;
Шпатель   150мм нержав. полир. с пласт ручкой/12*;31,5;
Шпатель 200мм 683021;42;
Шпатель 250мм пласт. 683022;54,5;
Шпатель 250мм пласт. 683037;42;
Шпатель 25мм 683047;19;
Шпатель 300мм 683023;62;
Шпатель 300мм пласт. 683038;49,5;
Шпатель 350мм 683041;48;
Шпатель 40мм 683042;18,5;
Шпатель 50мм 641068;40;
Шпатель 50мм 683048;21;
Шпатель 50мм нержавеющий с дерев. ручкой /12*;8;
Шпатель 600мм пласт.;139;
Шпатель 60мм 683049;22;
Шпатель 60мм нержавеющий с дерев. ручкой /12*;9;
Шпатель 75мм 683050;24;
Щиток защитный 280*230мм;176;
Щиток защитный 300*200мм;173;
Хозтовары;;
Антинакипин;7;
Ароматизатор бумажный;13;
Ароматизатор гелевый/18*;30;
Ароматизатор Лаванда;73;
Ароматизатор Летний бриз;72;
Ароматизатор Насыш. мускус;186;
Ароматизатор под сиденье;89,5;
Ароматизатор фреско /24шт;59;
Бензин 133мл;45;
Бензин круглый;14,5;
Бигуди 6шт;44,5;
Бигуди набор 10шт;46;
Брелок Романтика;11;
Брелок Сердце с подсветкой;9,5;
Булавки;7;
Булавка 500шт;77;
Булавка англ.  в коробочке;9,6;
Булавка на карте;29;
Бумага д/выпечки;33;
Ватные палочки  Chicco;14;
Ватные палочки в круглой упаковке 70шт.;6;
Ведро 10л АМПАРИ  пищевое пласт без крышки;66,5;
Ведро 10л АМПАРИ  пищевое пласт с крышкой;83;
Ведро 12 л с отжимом  круглое;138;
Ведро 12л ПОДОЙНИК нерж;315;
Ведро 8л с отжимом;78;
Веревка 10м х/б;12;
Веревка х/б 16м;18;
Веревка х/б 20м;22;
Веревка Беларусь 18 м  цветная;18,5;
Веревка капрон 30м;56;
Веревка капрон. нейлон 20м;41,5;
Веревка льнопеньковая 10м 10мм;138;
Веревка льнопеньковая 10м 12мм;155;
Веревка льнопеньковая 6м 10мм;83;
Веревка рыболовная 25м.;39;
Ветта вилка столовая 6пр;123;
Ветта ложка столовая 6пр;121;
Ветта ложка чайная 6пр;72;
Ветта Нож столовый 3пр.;85;
Воронка Мега;5,5;
Газ 210мл;32,5;
Газ д/зажигалок 140мл;22,5;
Газ для зажигалок 270мл;31,5;
Газ д/зажигалок  ПРЕМИУМ;30;
Газ д/плиток следопыт /12*;39;
Галицы брезент. /20*;36;
Галицы брезент. наладон.;26;
Галицы суконные;80;
Галицы утепленные х/б;47;
Галицы х/б с наладонником;24,5;
Горелка большая;68;
Горелка маленькая с регулятором;60;
Горелка с пьезо 101/15*;195;
Губка авто  Pitstop;20;
Губка авто двухслойная;21,5;
Губка авто. прямоуг;22,5;
Губка блеск с кремом;11;
Губка д/обуви 2ой блеск б/ц;11;
Губка д/обуви SILICONE+WAX черная;15,5;
Губка д/обуви д/замши;35,5;
"Губка д/посуды ""Кухончик"" 3шт/100*";53;
"Губка д/посуды ""Профи 2"" 2шт донна белла";9,5;
"Губка д/посуды ""Профи"" 1шт донна белла";12,5;
Губка д/посуды 4шт.золото;28;
Губка Ерк 10шт;18;
Губка Ерк 5шт;19,5;
Губка д/посуды круглая 1шт;12,5;
Губка д/посуды меламин.;18;
Губка д/посуды метал. в сетке;42;
Губка металл на листе 15гр;60;
Губка д/посуды металл. с ручкой/4*;43;
Губка д/посуды медь 2шт.;14;
Губка д/посуды тефлоновая на листе;85;
Губка д/посуды Тефлончик;32;
Губка д/посуды хоз. макси плюс 5 шт/40*;12,5;
Губка д/посуды Хозяюшка 3шт. Люкс;22,5;
Губка д/посуды Хозяюшка в пластике Кактус 2шт;24;
Губка д/посуды Хозяюшка  Дуэт 2шт.;13,5;
Губка д/посуды Хозяюшка комфорт;28;
Губка д/посуды Хозяюшка макси 10шт.;31;
Губка д/посуды Хозяюшка макси 5шт.;17;
Губка д/посуды Хозяюшка 10шт. миди;22;
Губка д/посуды Хозяюшка миди 5шт.;12;
Губка д/посуды Хозяюшка пластик. 3шт.;15;
Губка д/посуды Хозяюшка поролон+металл ватрушка;15,5;
Губка д/посуды Хозяюшка супер комфорт 2шт.;17,5;
Губка д/тела Бантик 3х цветн.;12,5;
Губка д/тела Бантик с массажным слоем 1шт.;19;
Губка д/тела Бантик с профильным массажным слоем;20;
Губка д/тела Бантик;14,5;
Губка д/тела детская;14,5;
Губка д/тела Массажная;33;
Губка д/тела Облачко;20;
Губка д/тела Овал трехцветн. 1шт.;11,5;
Губка д/тела Овал;21;
Губка д/тела прямоуг. 3х цветн.;10,5;
Губка д/тела прямоуг. с массаж. слоем Хозлайн;12;
Губка д/тела прямоуг. с проф. слоем Хозлайн;12,5;
Губка д/тела прямоуг. Хозлайн;11;
Губка д/тела Ромашка;14;
Губка д/тела Слышь!Потри спинку К/злючка;7;
Губка д/тела Шкуродер;39,5;
Губка д/уборки помещений 1шт;18;
Губка д/швабры;45;
Дождевик;19,5;
Дождевик на кнопках;46;
Дождевик пончо;24;
Доска Ветта Груша;65;
Доска Ветта Перчик;66;
Доска Ветта Рыбка;40;
Доска Ветта Яблоко;39,5;
Доска Ветта Ягодка;39;
Доска дерево круглая;60;
Доска раздел.  дерево прямоуг с ручкой 851001;70;
Доска раздел. стекло 20*30*0,4;55;
Доска разделочная VETTA прямоуг.с ручкой дерево 851009;124;
Емкость мерная 0,5;93,5;
Зажигалка;7,5;
Замазка/100*;6;
Зеркало Ассорти;11;
Зеркало настольное ажурное квадрат;49;
Зеркало настольное сердце ажурное;74;
Зеркало настольное фото рамка;55;
Зеркало настольное Царское;77;
"Зубочистка ""Комфи"" 180шт/100*";8,5;
Зубочистки 100шт/240/10*;5,5;
Зубочистки грифон/12*/480;7;
Зубочистки Комфи 500шт/48/6*;25;
Зубочистки Экстра 80шт/240*;5;
Канифоль /10*;13;
Кантарь 10кг;17,5;
Кантарь 10кг;20;
Кантарь 20кг;78;
Кантарь 25кг;61,5;
Карты 36 л/10шт;5,5;
Карты 54шт;9;
Карты гадальные цыганские;8,5;
Кислота паяльная 30мл пластик;9,5;
Клей Момент 88;34;
Клей Момент Кристалл 30 мл;33;
Клей МОМЕНТ МАКСИ;137;
Клей Момент Марафон обувной 30 мл;32;
Клей Момент резиновый;37;
Клей Момент универс. 125 мл.;71;
Клей МОМЕНТ универсальный;31,5;
Клей Монолит АВИОРА на карте;69;
Клей гель МОНОЛИТ;18;
Клей универсальный МОНОЛИТ 15гр;10;
Клей Супер Момент;47;
Клей Супер на карте Лефан /12*;76;
Клей Супер на карте Китай;42;
Клей Эпоксидный ЭДП 100гр;51;
Клей Эпоксидный Экстра 60гр;36;
Ключ д/винтовых крышек;36,5;
Коврик д/ванной акрил Водоросли 50*80;199;
Коврик д/ванной акрил Цветы 50*80;232;
Коврик д/приготовления;114;
Комплект д/сауны белый;189;
Контейнер 0,45 прямоуг;15;
Контейнер квадр. 0,46мл;14;
Контейнер квадр. 0,95л;21;
Контейнер квадр. 1,5л;32;
Контейнер квадр. 2,5л;45;
Контейнер круглый 0,33;19;
Контейнер на защелках 13,4*13,4;66;
Контейнер набор  квадр. 4шт 0,45мл;52;
Контейнер прям 0,9л;23,5;
Контейнер прям 1,9л;41;
Контейнер прям набор 3шт;114;
Контейнер прям набор 3шт;74,5;
Контейнер прямоуг. 3пр 845094;65;
Копилка сердечко 9*9 маленькая;59;
Корзина 17см;59;
Крем для обуви корич.;10,5;
Крем для обуви Элегтон Макси черный;10,5;
Крем водоот. пропитка;130;
Крем д/обуви краска для замши;36,5;
Крем д/обуви парло;26;
Крем д/обуви ситил;24;
Крем д/обуви Эффектон с губкой;16,5;
Крем Сильвер для обуви коричневый /12*;33,5;
Крем Сильвер для обуви черн.;33,5;
Крышка для СВЧ;34;
Крышка для слива;3,2;
Крышка ОДЕССА ЦВЕТНАЯ СОВСЕМ ЭЛИТНАЯ/500*;2,3;
Крышка Одесса ПРОСТАЯ ЦВЕТНАЯ;1,6;
Крышка пластмасс.;1,8;
Крышка Твист 58мм;2,5;
Крышка Твист 82 /20*240*;2,8;
Крышка Твист 89 мм/320*;5,5;
Ложка д/обуви металл. цв. 110мм;12;
Ложка д/обуви 200мм;16;
Ложка д/обуви 300мм;26;
Ложка д/обуви 500мм;39;
Лопата снег. детская;22,5;
Лопата снег. детская малая №25;25;
Лопатка бамбук;12;
Лопатка дерев. набор;25;
Лупа увеличительная 100мм;41;
Лупа увеличительная 50 мм.;13;
Лупа увеличительная 60мм;17;
Лупа увеличительная 75мм;25;
Лупа увеличительная 90мм/10*;26;
Магнит;1;
Магнит Десерт;27;
Магнит мебельный;8;
Магнит на холодильник со стикерами;26;
Магнит рулет;25;
Магнит с блокнотом С новым годом;25;
Магнит Чизкейк;34;
Масло бытовое смазочное /40*;19,5;
Машинка закаточная автомат Киров;235;
Машинка закаточная автомат Машенька;195;
"Машинка закаточная п/автомат ""Лёс""";228;
Машинка закаточная полуавтомат ВА2153Н;138;
Машинка закаточная улитка Минск;137,5;
Мельница д/чеснока;16,5;
Метла полипроп. 180*300мм плоская;87;
Метла полипроп. 200*300мм плоская;114;
Метла полипроп. 240*160мм распушеная;110;
Метла полипроп. 270*260мм веерная;91;
Метла полипроп. 270*260мм распушеная;113;
"Метла с черенком ""Радуга""";150;
Мешки д/заморозки;13;
Мешки д/мусора 120л/25шт рулон ПВД;77;
Мешки д/мусора 30л/30шт рулон ПВД;29,5;
Мешки д/мусора 60л/25шт рулон ПВД;49,5;
Мешки д/мусора Васек 30л/30шт с ручками;24,5;
Мешки д/мусора Васек рулон;25;
Мешки д/мусора Дружок 20л/50шт рулон;21;
Мешки д/мусора Дружок 30л/30шт рулон;17,5;
Мешки д/мусора Дружок 30л/50шт рулон/100*;27,5;
Мешки д/мусора Ёлка 30л/30шт рулон;26;
Мешки д/мусора Кенго 30л/30шт с ручками;29;
Мешки д/мусора Кенго рулон;28;
Мешки д/мусора Премьер 20л/30шт  ручками;18;
Мешки д/мусора Хозяюшка 120л/10шт рулон;45;
Мешки д/мусора 20л/30шт рулон Хозяюшка;17,5;
Мешки д/мусора Хозяюшка 30л/30шт особопрочные;28;
Мешки д/мусора Хозяюшка 60л/20шт;25,5;
Миска с крышкой 1,2л с ягодками;39;
Миска с крышкой 2,1л;49;
Миска с крышкой 3,2л;74;
Миска с крышкой 3,2л с ягодками;73;
Миски набор  с крышками 3шт;156;
Мочалка банный пояс;35;
Мочалка без поролона;30;
Мочалка варежка;13;
Мочалка Веселые зверушки;43;
Мочалка детская;37;
Мочалка Зебрик;37;
Мочалка Новогодняя ночь;51,5;
Мочалка плотная вязаная;33;
Мочалка Самара двойная;47;
Мочалка Самара одинарная;35;
Мочалка Самара с поролоном;29;
Мочалка Семейная;51;
Мочалка Узорная;38;
Мыльница дорожная;9;
Мыльница на присоске;60;
Мыльница овал;6,5;
Мыльница с крышкой цветная пластик;21;
Мыльница с решеткой;12;
Мясорубка А-6;330;
Мясорубка А-8;345;
Мясорубка г.Полтава;405;
Мясорубка чугун. Мотор Сич;740;
Набор игл;6;
Набор игл;3,2;
Набор игл;3,5;
Набор игл  Ассорти;12;
Набор игл 304;4,2;
Набор игл д/слабовидящих;19;
Набор игл Книжка 21шт;4;
Набор игл ОГНИ Маяка;9;
Набор игл РУШНИЧОК;9;
Набор кисточек д/макияжа 5шт;46;
Набор полотенец кух 3шт 43*69;109;
Набор полотенец кух 3шт 46*71;129;
Набор расчесок;17;
Набор расчесок 4пр черные в коробке;126;
Набор расчесок 5пр 356539;77;
Набор расчесок 5пр на подставке;200;
Набор расчесок(3), зеркало;60;
Набор расчесок,зеркало , заколка 4пр;70;
"Набор свечей ""СЕРДЦА"" 4шт";56;
Набор сит;24;
Насадка д/пульвика;11,5;
Насадка д/швабры 444169;70;
Насадка д/швабры 448016;78;
Насадка д/швабры макси люкс;43;
Насадка д/швабры МОП мега люкс;44,5;
Насадка д/швабры салфетка 448019;105;
Насадка на швабру макси;39;
Насадка на швабру рунис;40;
Нитки №10 белые//6*;14,5;
Нитки №10 черные/5*;14,5;
Нитки белые полиестр (10шт);18;
Нитки цветные полиестр (10шт);18;
Нитки черные полиестр (10шт);18;
Нить рыболовная на катушке;15,5;
Нить рыболовная в мотке;27;
"Нож ""Пион 3,5"" антиналипание";39;
"Нож ""Пион 5"" антиналип";46;
"Нож ""Пион 6"" антиналип";56;
"Нож ""Пион 7"" антиналип";84;
"Нож 3,5"" дерев. ручка 803226";18;
"Нож 3,5"" мрамор 803235";12;
"Нож 4,5"" мрамор 803234";24;
"Нож 6"" металл";22,2;
"Нож 6"" мрамор 803232";27,5;
"Нож 7"" металл";23;
Нож №5 Tramontina 22902/005;42;
Нож №6 Tramontina 22902/006;57;
Нож №7 Tramontina 22902/007;59,5;
Нож №8 Tramontina 22902/008;67;
Нож №9 Tramontina 22902/009;79;
"Нож Tramontina  овощной 5"" 871233";29;
"Нож Tramontina для мяса 5"" 871354";378;
Нож Tramontina для томатов;26;
"Нож Tramontina набор 5"" мультиколор 871216";385;
"Нож Tramontina набор. д/томатов 5""";420;
"Нож Tramontina набор. овощной 3"" 871355";342;
Нож д/ вырезания сердцевины яблока;21;
Нож д/мясорубки крестик;8,5;
Нож д/мясорубки лепесток;9,5;
Нож д/сыра 882033;36;
Нож для пиццы;39;
Нож кух керам 803111;153;
Нож кух керам 803112;182;
Нож кух керам SATOSHI 803126;154;
Нож кух керам SATOSHI 803127;213;
Нож кух керам. 10см KATANA;149;
Нож кух керам. 12,5см KATANA 803117;232;
"Нож  Трамонтина овощной 3"" 23080/003";20,5;
Нож кух.  Классик 14см РК 011 803213;19;
Нож кух.  Классик 15см РК 009 803211;30;
Нож кух.  Классик 20см РК008 803210;31,5;
Нож кух.  Классик 7,6см РК 012 803214;13;
"Нож кух. 9"" Wardaoju с открывашкой";31;
"Нож кух. д/ резки овощей ""Топор"" Кисловодск";150;
Нож кух. КИВИ 18см;17;
Нож кух. синяя обрез. ручка 803781 №6;59;
Нож кух. синяя обрез. ручка 803782 №7;61,5;
Нож кухонный универс. д/капусты дерево;36;
Нож склад. 118014;60;
Нож склад. 118016;79;
Нож складн. 18*8см;24;
Нож складной  333200;66;
Нож складной 333194 с кнопкой и фонариком;61;
Нож складной 333195;65;
Ножеточка +открывашка металл;19;
Ножеточка 16см пластик;66;
Ножеточка 4392;85,5;
Ножеточка 884040;22;
Ножеточка 884063;43;
Ножеточка Рыбка;33;
"Ножницы VETTA 6,5""";23;
"Ножницы VETTA 7""";31,5;
"Ножницы VETTA 7,5""";39;
"Ножницы VETTA 8.5""";42;
"Ножницы VETTA 9,5""";44;
"Ножницы Ветта 5 1/4""";25,5;
Ножницы д/овец /60*;90;
Ножницы кухонные VETТA /12*;32;
Ножницы маник. 0621-2;17;
Ножницы Н-07 150мм;114;
Ножницы Н*10 закройные;249;
Ножницы парикмах. Н-05-2 180мм;115;
Ножницы С-18 филировочные 160мм;186;
Номер №5;9;
Номер №7;9;
Номер для дверей №0;9;
Номер для дверей №2;9;
Номер для дверей №3;9;
Номер для дверей №4;9;
Номер для дверей №69;9;
Номер для дверей №8;9;
Обивка д/дверей ватин;250;
Обивка д/дверей поролон;235;
Овощерезка бол;71,5;
Овощечистка 229;58;
Окномойка 444017;89;
Окномойка 444018;45;
Окномойка 444020;93;
Органайзер 355*250*55;261;
Открывашка дерево (Москва);16;
Открывашка на магните;5;
Пакет д/льда 216 кубиков;19,5;
Палка для ванной 2,6м.;160;
Палка для щетки. Ветта;46;
Палка металл-пласт. 1100мм;31;
Палка металл.;49;
Палка телескопическая;70;
Палочки д/коктейля;28;
Папильотки 10шт;61;
Паста Гои;12;
Пельменница;60;
Пемза 2х стор 2-27;16;
Пемза 4х стор.;36;
Пемза вулканичекская Лава;27;
Пемза гамид;50;
Пемза прям. 05К;9,5;
Пемза с 25;38;
Пемза терка;12;
Пемза терка педикюр 002;20;
Пергамент 5м;25;
Перчатки Зима /10*/150 серые поштучно;26,5;
Перчатки обрезин. черные;160;
Перчатки резин латекс в коробке;280;
Перчатки резин. по 3пары Хозяюшка;30,5;
"Перчатки резиновые ""LOTUS"" (12шт)";23;
Перчатки резин. Ветта;18,5;
Перчатки резин. Ветта ПРЕМИУМ;26;
Перчатки резин. Хозяюшка по паре;28,5;
Перчатки х/б 10/4 с зеленью;90;
Перчатки х/б Березка серые;99;
Перчатки х/б Волна;136;
Перчатки х/б обрезин. красные;105;
Перчатки х/б Спец 14(8)размер черные;143;
Перчатки х/б Спец 16(9) размер;154;
Перчатки х/б Эконом;83;
Пики Карты 35шт;14;
Пики Сердечко 35шт;16;
Пики шпаги 30шт;11;
Пилочка д/ногтей металл;10,5;
Пилочка д/ногтей металл;11,5;
Пилочка д/ногтей стекло 140мм;19;
Пластилин флуорен.;17;
Пленка пищевая 20м;25;
Плечики;8,5;
Плечики д/брюк  Ветта;19;
Плечики тонкие;5,5;
Подложка;47;
Подставка д/зубочисток;27;
Подставка д/зубочисток Банка;24;
Подставка д/зубочисток Бутылка;17;
"Подставка под горячее ""День и ночь"" 15*15см";12;
Подставка под горячее бамбук 14,5*14,5;22;
Подставка под горячее бамбук 17см;33;
Подставка под горячее бамбук 19*14;13,5;
Подставка под горячее бамбук 19см;38;
Подставка под горячее бамбук Камилла 15*15;14;
Подставка под горячее бамбук Камилла 15см;10,5;
Подставка под горячее керамика;62;
Подставка силикон. д/противня;61;
Полотенце 38*63;46;
Полотенце д/посуды микрофибра;57;
"Полотенце прессованное ""Цветочек"" 30*60см";26;
Полотно неткан. 10м;320;
Полотно нетканое 1,5м 70м;3250;
Помазок д/бритья дерев. Eterma;24;
Пресс д/чеснока 1005;110;
Пресс д/чеснока 2164;45;
Пресс д/чеснока 596;33;
Припой 40 д-8;55;
Припой ПОС 61 с канифолью;19;
Прихватка 17*17см;24;
Прихватка варежка;34;
Прищепка 10шт;29,5;
Прищепка 20шт;34;
Прищепка 8шт;25;
Прищепка бельев. пластик(40шт);46;
Прищепка пластм. 24шт 4 цвета 166;29;
Прищепки пластм.;31;
Пульверизатор 0,3 маленький;16;
Пульверизатор бочка.0,5;18,5;
Пульки  /200*;58;
Размораж.;23,5;
Размораживатель СПРЕЙ;33,5;
Рамка д/ номеров;75;
Растяжка;36;
Расческа;14;
Расческа Chenda 939;9;
Расческа Алмаз большая;28;
Расческа Алмаз маленькая;26;
Расческа Ветта 356-004;48;
Расческа Ветта 356051;50;
Расческа Ветта брашинг;23;
Расческа Ветта брашинг;29,5;
Расческа Ветта брашинг;48;
Расческа Ветта брашинг дерево 356079;62;
Расческа Ветта голубая 356076;22;
Расческа Ветта мини 356020;40;
Расческа гребень 22,5см;6;
Расческа гребень с выпукл. узором 319015;16;
Расческа гребень с ручкой 356507;22;
Расческа гребень с ручкой металлик 319014;13,5;
Расческа мелкие зубцы 356508;15,5;
Расческа пластик 318003;67;
Расческа пластик 318004;67,5;
Расческа пластик 318005;57;
Расческа пластик 318007;68;
Расческа пластик массажная 356474;63;
Расческа пластик массажная 356475;63,5;
Расческа с хвостиком;1,25;
Резинка бельевая Москва;16;
Резинка широкая 1,6м;10;
Резинка/24*;7,5;
Решетка вент. 15*15;14;
Решетка вент. люк 20*20;59;
Решетка вент. люк 20*25;65;
Решетка вент. люк 20*30;72;
Решетка вентил люк 15*20;52,5;
Решетка вентил. люк 150*150;42,5;
Решетка вентил. 155*155 с москитной сеткой.;21;
Решетка вентил. 170*170 с москитной сеткой.;39;
Решетка вентил. 170*240 с москитной сеткой.;33;
Решетка вентил. 185*255 с москитной сеткой.;44;
Решетка вентил. круглая 160;20,5;
Решетка д/мясорубки крупная;20;
Решетка д/мясорубки мелкая;17;
Ролик + 2 смен. блока;35,5;
Ролик д/одежды;22;
Ролик сменный;21;
Рукав д/запекания;25;
Салфетка 2х сторонняя;31;
Салфетка Ажурная 30см беж золото;29;
Салфетка бамбуковая с барх. поверхностью;35;
Салфетка Ветта супервпитывающая;44;
Салфетка д/тефлона 170*140 3шт.;20;
Салфетка для стекла и зеркал;34,5;
Салфетка Ерк;18;
Салфетка из микрофибры;30;
Салфетка из микрофибры в линейку;25,5;
Салфетка набор 36шт в рулоне 20*40см;57;
Салфетка набор пластик Сакура;71;
Салфетка прозр.;31;
Салфетка термо.;27;
Салфетка тонкая;24;
Салфетка универс. 7шт;30;
Салфетка Хозяюшка вискоза  3шт;17,5;
Салфетка Хозяюшка микрофибра;29,5;
Салфетка целлюлоза;33,5;
Салфетка-скраб хозяюшка 90*133мм 3шт.;13,5;
Салфетка влажная Хозяюшка универс.;26;
Салфетки д/ стеклокерам. плит Хозяюшка;38;
Салфетки от Светки;45,5;
Сантиметр 1,5м;5;
Свеча д/торта цифра на блистере;12,5;
Свеча хоз-ая;6,5;
Свечи д/торта  24шт;10;
Сетка овощная;3,8;
Синька сухая /50* /100*;4;
"Ситечко д/чайника ""яйцо""";12,5;
"Сито 10"" с ручкой";42;
"Сито 6"" с ручкой";17;
"Сито 8"" с ручкой";27,5;
Скалка;52;
Скатерть с ажурн. каймой винил 479092;160;
Скатерть ажурная 150-228;198;
Скатерть виниловая;141;
Скатерть жаккард 145*180;164;
Скатерть кухон. одноразов.;15,5;
Скатерть однотонная 137*274см;35;
Скатерть патерра 110*200;49,5;
Скатерть полиэт. 120*150;26;
Скатерть полиэт. 120*220;37;
Сковородник;10;
Скотч прозр. 48мм*140м/6*;64;
Скотч прозр. 48мм*40м /6*36*;21;
Скотч прозр. 48мм*57м /6*/36*;30;
Скотч прозр. 48мм 63м/6шт;31;
Сменный блок д/роликов;23;
Совок + щетка Ленивка;146;
Совок + щетка Орнамент;89;
Совок + щетка Практик;31;
Совок + щетка с ручками Сердце;188;
Совок +щетка Небесная лазурь;100;
Совок д/мусора Декор;32;
Совок д/мусора Клип;32,5;
Совок д/мусора Лаура;25,5;
Совок хоз металл зольный с длинной ручкой;42;
Совок хоз металл.;41;
Спиртомер;16;
Стеклорез 2х ролик;44;
Стеклорез 3х ролик.;65;
Стеклорез 6ти роликовый;34;
Стеклорез алмазный Ермак;36;
Стеклорез с наполнителем;32;
Стельки  с фольгой;36;
Стельки влаговпитывающие;31,5;
Стельки комфорт;28;
Стельки с мехом;35,5;
Стельки шерсть;38;
"Сувенир ""Валентинка"" карандашница";65;
"Сувенир ""Валентинка"" подставка";60;
"Сувенир ""Валентинка"" шкатулка";70;
"Сувенир ""Коровка"" /24";3;
Сумка;33;
Сумка хоз. Фруктовый рай;37,5;
Терка 4х сторон. оранж обрез.;151;
"Терка 9"" четырехгранник";37;
Терка Ветта 4-х сторон 22см под дерево;135;
Терка Ветта плоская 32110А;40;
Терка Корейка дерево;52;
Терка корейка пластм.;17;
Термометр д/воды Лягушка/уточка;17;
Термометр д/сауны +120;44,5;
Термометр д/сауны +140;57;
Термометр комнатный Комфорт;13,5;
Термометр;27;
Термометр уличный биметалл.;50;
Термометр уличный;19;
Топор кух. бол;125;
Топорик кух. отбивной;74;
Тряпка д/пола 60*70см белая;43,5;
Тряпка д/пола белая 50*60см;20;
Тряпка д/пола Мила серая;37;
Тряпка д/пола софитекс;43;
Тряпка для пола 80*100см;39;
Тряпкодержатель Д-1 металл;76;
Тряпкодержатель дерево;80;
Утеплитель дверной;19;
Утеплитель окон;19;
Фасовка 100шт;16;
Фасовка Экстра 100шт.;20,7;
Фасовка Экстра 200шт.;40,5;
Фасовка Экстра 500шт;95;
Фасовка Экстра 50шт;11;
Фасовка Экстра НОВАЯ 100шт;18;
Фиксатор-липучка д/ковров;34,5;
Фольга Саянская 10м /30*;39;
Фольга Хозяюшка 5м;37;
Фольга Хозяюшка 5м;36,5;
Фоторамка Кракелюр 10*15;39;
Фоторамка подвеска украшение;82;
Футболка;310;
Футляр д/ зубных щеток;13,5;
Футляр д/зуб. щеток простой;9,5;
Футляр д/очков 8022;57,5;
Футляр для очков. Бабочки;63;
Холодная сварка  (универ);32;
Холодная сварка Алмаз 60гр.(авто);36;
Холодная сварка Алмаз д/батарей и труб 55г;36;
Холодная сварка Алмаз сталь;36;
Холодная сварка Алмаз универс.;36;
Холодная сварка для батарей и труб мастикс;32;
Холодная сварка для сантехники мастикс;32;
Холодная сварка металл/48*;32;
Швабра ПВА 1ролик;142;
Швабра ПВА 2ролика;180;
Швабра с насадкой из микрофибры 444168;262;
Швабра с насадкой металл 448015;217;
Швабра с насадкой сталь;478;
Шило с крючком;6,5;
Шило сапожное;43,5;
Шинковка дерево (с тремя ножами) ШК-4;315;
Шинковка дерево с ручкой ШК;195;
Шляпа д/сауны кокетка;95;
Шляпа д/сауны эконом модель комбинированная;58;
Шляпа д/сауны эконом модель кто парится....;117;
Шнур №10 20м;170;
Шнур №12 20м;234;
Шнур №14 15м;230;
Шнур №5 20м;34;
Шнур №6 20м;50;
Шнур №7 20м;72;
Шнур №8 20м;110;
Шнур металл 20м;37;
Шнур металл 30м;61;
Шнур хоз №3 10м;6;
Шнур хоз. Хозяюшка 3мм 20м;22;
Шнур хоз. Хозяюшка 3мм 25м;28,5;
Шнур хоз. Хозяюшка 3мм L 15м цветной;17,5;
Шнур хоз. Хозяюшка 4мм 15м;20;
Шнур хоз. Хозяюшка 4мм  20м цветной;26,5;
Шнур хоз. Хозяюшка 4мм 25м;33;
Шпагат джутовый 100м;28;
Шпагат джутовый 140м;31,5;
Шпагат льнопеньковый 100м 1,25 ктэкс;38;
Шпагат полипроп. 150м;31;
Шпагат полипроп. 300м;61;
Шпагат полипроп. 500м;101;
Шпагат полипропил. 100м;21;
Набор шпагатов полипропил. 6шт*60м;153;
Шпагат х/б 100м 2,5мм;48;
Штопор Ветта  металл  135;63,5;
Штопор винт пластик;12;
Штопор дер. ручка;17,5;
Штопор металл 847;43;
Штопор пласт. Ветта 216;81;
Штопор пласт. ручка;14;
Штопор с дерев. ручкой;5;
Штопор с пласт. руч.;18;
Штопор складн. винтовой;6;
Штора д/ванной  В-035;67;
Штора д/ванной В-05 1,8*1,8;84;
Штора для ванной 180*180 см;248;
Штора зеркальная солнцезащит.;26;
Шторка д/ванной;237;
Шторка д/ванной 461132;120;
Шторка д/ванной 461246;230;
Шторка д/ванной 461257;127;
Шторка д/ванной 461259;215;
Шторка д/ванны сатиновая полоска;202;
Щетка бытовая сити;40;
Щетка д/авто 775045;130;
Щетка д/авто КАСКАД;56,5;
Щетка д/авто скребок 18,5см;14,5;
Щетка д/авто скребок 775046;65;
Щетка д/авто скребок 775117;121;
Щетка д/замши;35;
Щетка д/обуви 502 искусств. ворс;25;
Щетка д/обуви искусств. ворс;16;
Щетка д/обуви Фауст дерев.;35,5;
Щетка д/одежды велюровая;30;
Щетка д/пола Глория миди;47;
Щетка для пола Моника;55;
Щетка д/пола Практик;31;
Щетка д/пола с палкой;65;
Щетка д/пола шробер;65;
Щетка д/пола шробер;80;
Щетка д/посуды Мила;22,5;
Щетка д/рук Шер;27;
Щетка д/унитаза Квадрат;47;
Щетка д/унитаза Колокольчик;43,2;
Щетка д/унитаза Пирамида;43;
Щетка д/унитаза Сердца;77;
Щетка д/унитаза Стандарт;47,5;
Щетка д/унитаза Стиль;55;
Щетка сметка 3х рядная;35,5;
Щетка пластм. 1685;16;
Щетка Утюг;27;
Щетка утюг макси;43;
Щетка Утюг мега 4007;36,5;
Щетка утюг миди 3039;29,5;
Щетка утюг ориджинал;38;
Щетка утюг СОФТЭЛЬ;75;
Щетка утюжок мега классик 3834;41;
Щетка утюжок миди классик 3112;30;
Щетка утюжок мини;23;
Щипчики д/ногтей 8711;52;
Щипчики д/ногтей маникюрн. 8715;41;
Яйцерезка 2 в 1;32;
"Ящик д/инструментов 18""";425;
Ящик д/рассады поддон;61;
Ящик почтовый;98;
"Ящик почтовый ""ПИСЬМО""";100;
Ящик почтовый без замка Почта  /10*;102;
Ящик почтовый Домик без замка;170;
Ящик почтовый Павлово без замка;150;
Ящик почтовый Павлово с замком;160;
"Ящик почтовый с замком ""ГЕРБ""";220;
Ящик почтовый с замком Почта/10*;133;
Электрика;;
Батарейки;;
Батарейка Camelion R 14/12*;9,5;
Батарейки Camelion R20 (цена за шт.) /12*;19;
Батарейки Camelion R3 (цена за блистер)/12*;18,5;
Батарейка Camelion R3 алкалиновая;9;
Батарейки Camelion R6 (цена за блистер)/12*;18,5;
Батарейка Camelion R6 алкалин.;9;
Батарейка Camelion(Крона);14,5;
Батарейка KODAK R3 (Цена за блистер)/12*;24;
Батарейка KODAK R6 (Цена за блистер)/20*;24;
Батарейка Minamoto R-3/60*;2,9;
Батарейка Minamoto R14 /24;6,5;
Батарейки Minamoto R20/24*;9,5;
Батарейки Minamoto R6/60;2,8;
Батарейка SONY R3 (цена за блистер);26;
Батарейки SONY R6 (цена за блистер);26;
Батарейка ДЮРАСЕЛ R3 (цена за шт.);22,5;
Батарейка ДЮРАСЕЛ R6 (цена за шт.);22,5;
Батарейка Панасоник R14;14,5;
Батарейка Панасоник R20;19;
Батарейки Панасоник R6 (цена за блистер);28;
Батарейка Самсунг R3;24;
Батарейка Самсунг R6;24;
Выключатели;;
Выключатель 1кл ОУ 32111;23;
Выключатель 1кл ОУ 32121 индикатор;29;
Выключатель 1кл ОУ А14-016 16-023 (Орша);18;
Выключатель 1кл ОУ А14-116 Минск;28,5;
Выключатель 1кл ОУ А16-027 (Молодечно);23,6;
Выключатель 1кл ОУ А16-108/60*;18,5;
Выключатель 1кл ОУ А16-131;47;
Выключатель 1кл СУ;23,2;
Выключатель 1кл СУ 31111;27,5;
Выключатель 1кл СУ 31121;30;
Выключатель 1кл СУ повер ман 10А 250В 2121 904013 с подсветкой;36,5;
Выключатель 2кл ОУ 32112;26;
Выключатель 2кл ОУ 32122 индикатор;27,6;
Выключатель 2кл ОУ А-56-111;25;
Выключатель 2кл ОУ А54-001 Минск;39;
Выключатель 2кл ОУ А56-134 Беларусь;53;
Выключатель 2кл ОУ А56-176 Валентина с подсвет.;53;
Выключатель 2кл ОУ повер ман 7023;31,5;
Выключатель 2кл ОУ с подстветкой А510 Беларусь;64;
Выключатель 2кл СУ 31112;28,5;
Выключатель 2кл СУ 31122 с подсветкой;31;
Выключатель 2кл СУ повер ман 10А 250В с подсветкой 904014;39;
Выключатель 2кл СУ С56-124/55*;71;
Выключатель 2кл СУ С56-164 золото;50;
Выключатель Альфа 2кл ОУ 52072201;28;
Выключатель Альфа 2кл ОУ влагозащ. 531072201;33;
Выключатель Альфа 2кл СУ 520107+ВСТАВКА;29,3;
Выключатель Альфа 2кл СУ 52130201;36,7;
Выключатель проходной д/бра;11;
Колодка д/удлинителя;15;
Электрокипятильник 1,0 кВт;77,5;
Звонки;;
Звонок 2 тональный (2ТА) АВС;118;
Звонок 2-х тональный (2Т);108;
Звонок Канарейка (Иран);50;
Кнопка д/звонка  Альфа+ВСТАВКА;27,4;
Кнопка для звонка А8 Чебоксары;13,5;
Кнопка звонка А10,4-127;26;
Кнопка звонковая А104-001 Витебск;15;
Кабель;;
Кабель КГ 2*2,5м;32,5;
Кабель силовой АВВГ 2*2,5/200*;6,5;
Кабель силовой АВВГ 3*2,5;9,1;
Кабель силовой ВВГ 2*1,5 /100*;11,5;
Кабель силовой ВВГ 2*2,5;17,5;
Кабель силовой ВВГ 3*1,5/200*;17,8;
Кабель силовой ВВГ 3*2,5/200;27,5;
Провод АППВ 2*2,5;4,7;
Провод АППВ 3*2,5/200*;7,5;
Провод соедин. ПВС 2*0,75 /200*;8,9;
Провод установ. бытов. ПУГНП/ПУГСП 2*2,5/100;15,5;
Провод установ. бытов. ПУНП/ПУСП 2*2,5/200*;17;
ТВ кабель 100м;450;
Паяльники;;
Паяльник 100Вт;99;
Паяльник 25 Вт;82,5;
Паяльник 40Вт;85;
Паяльник 65 Вт;87;
Паяльник 80 Вт;95;
Розетки;;
Комплект розетка+вилка влагозащищенная;34;
Подразетник двойной;4,5;
Подразетник пласт. с/у с винтом ПУ-1-65;4,5;
Подрозетник дерев. 70*70 квадр.;4,5;
Подрозетник круг. дерев./25*;4,5;
Розетка 1ая ОУ  АВС с пр. конт. кв. Ливны;37,5;
Розетка 1ая ОУ 32221 з/к;30,5;
Розетка 1ая ОУ карб. бел. круглая  РА 10-011 з/к 46;35,1;
Розетка 1ая ОУ карбол. кругл. белая керамика 46 уч;26;
Розетка 1ая ОУ карболит. квадр. черная;32;
Розетка 1ая ОУ квадр. карбол. керамика черная;35,2;
Розетка 1ая ОУ квадр. карболит.белая керамика;37;
Розетка 1ая ОУ круглая белая карболит. 46 керам;35;
Розетка 1ая ОУ круглая черная подпруж. керамика;32;
Розетка 1ая ОУ подпруж. РА-16-016(Орша);15;
Розетка 1ая ОУ РА 16-011/180;10,5;
Розетка 1ая ОУ РА 16-307 з/к;26,5;
Розетка 1ая ОУ РА 16-254 з/к Беларусь;41;
Розетка 1ая ОУ РА16-255 Беларусь;34;
Розетка 1ая СУ 31211;25;
Розетка 1ая СУ з/к 31221;29,5;
Розетка 1ая СУ круглая белая карболит;37,5;
Розетка 1ая СУ РС 16-006 Молодечно;22,5;
Розетка 1ая СУ РС 16-038 Молодечно;19;
Розетка 1-ая СУ РС-10-304 (Молодечно);21,5;
Розетка 1ая СУ РС16-256 золото з/к Беларусь;40;
Розетка 2ая ОУ 32212;36,5;
Розетка 2ая ОУ 32222 з/к;41;
Розетка 2ая ОУ РА 006/138;14,5;
Розетка 2ая ОУ РА 10 керам. белая Ливны;47;
Розетка 2ая ОУ РА 16-008 подпруж. Орша;23,5;
Розетка 2ая ОУ РА16-009 подпруж./*;27,5;
Розетка 2ая ОУ РА 16-261 з/к Беларусь;68;
Розетка 2ая ОУ РА10-012 Молодечно;12;
Розетка 2ая ОУ РА16-014 з/к Молодечно/40*;35;
Розетка 2ая ОУ РА16-260 Беларусь;50,5;
Розетка 2ая ОУ черная карболит.;42,5;
Розетка 2ая СУ  РС10-009/110*;18,6;
Розетка 2ая СУ 31212;32;
Розетка 2ая СУ 31222 з/к;39,6;
Розетка 2ая СУ карболит белая 48с;46,5;
Розетка 2ая СУ РС16-237 Беларусь;61;
Розетка 2ая СУ РС16-262;51;
Розетка 3ая ОУ Беларусь РА 16-244;98;
Розетка 4ая ОУ РА 16-246;122;
Розетка Альфа 1ая ОУ з/к 551082301;40;
Розетка Альфа 1ая СУ 52180201;31,7;
Розетка Альфа Дата 520117+ВСТАВКА;115;
Розетка Альфа телевиз. СУ 520111+ВСТАВКА;31,3;
Розетка компьютерная 2ая РК216-005;183;
Розетка компьютерная РК18-001;98;
Розетка круглая черная с керамикой;18,5;
Скоба д/кабеля плоская 12*6,3мм 1000шт;28;
Удлинители;;
Разветвитель;50;
Разветвитель ТВ на 2 ТАР 2;29;
Разветвитель ТВ на 3;19;
Удлинитель 10м на катушке;480;
Удлинитель 10м на рамке;212;
Удлинитель 15м на катушке;590;
Удлинитель 20м на катушке;700;
Удлинитель 20м на рамке;389;
Удлинитель 25м на катушке 1,0мм;810;
Удлинитель 25м на катушке 1,5мм;1025;
Удлинитель (Смоленск) 10м.;95;
Удлинитель (Смоленск) 3м;52;
Удлинитель (Смоленск) 5м.;67;
Удлинитель (Смоленск) 7 м.;83;
Удлинитель 3-х местн. чёрный (Кемерово) 10м.;155;
Удлинитель 3-х местн. чёрный (Кемерово) 3м.;99;
Удлинитель 3-х местн. чёрный (Кемерово) 5м.;115;
Удлинитель 3-х местн. чёрный (Кемерово) 7м.;140;
Удлинитель 50м на катушке;1430;
Удлинитель рулетка 3м Смоленск /10*;60;
Удлинитель Смоленск 10м з/к;233;
Удлинитель Смоленск 3м з/к;105;
Удлинитель Смоленск 5м з/к;144;
Удлинитель Смоленск 7м з/к;172;
Удлинитель универсал 5м ШВВП 2*0,75 3гн;122;
Удлинитель 3м.сетевой фильтр повер;297;
Удлинитель фильтр 5м повер;357;
Удлинитель фильтр Гарнизон 3м;195;
Удлинитель фильтр Гарнизон 5м;230;
Удлинитель фильтр Универсал 3м ПВС 3*0,75;200;
Удлинитель Экон 10м 2*1,0мм 21113-10;218;
Удлинитель Экон 10м з/к 3*1,0мм 21213-10;306;
Удлинитель Экон 10м з/к с выкл 3*1,0мм;328;
Удлинитель Экон 3м 2*1,0мм 21113-3;99,5;
Удлинитель Экон 3м з/к 3*1,0мм 21213-3;123,5;
Удлинитель Экон 3м з/к с выкл 3*1,0мм;137;
Удлинитель Экон 5м 2*1,0мм 21113-5;123;
Удлинитель Экон 5м з/к 3*1,0мм 21213-5;164,5;
Удлинитель Экон 5м з/к с выкл 3*1,0мм;178;
Удлинитель Экон 7м 2*1,0мм 21113-7;164;
Удлинитель Экон 7м з/к 3*1,0мм 21213-7;205;
Удлинитель Экон 7м з/к с выкл 3*1,0мм;220;
Электрика;;
Блок ОУ 2В-РЦ 523;97;
Блок ОУ В-РЦ 521;86;
Блок ОУ ЗВ-РЦ 525;107;
Вилка В 6-241;21,5;
Вилка В16-310;22,5;
Вилка В6-001;12,6;
Вилка В6-005;11;
Вилка карболит латунь Орехово Зуево/300*;10;
Вилка с з/к ВШ-Ц-20\ В10-009 (Бобруйск);15,5;
Вилка универ. В-6-004 (Витебск);11,5;
Вставка белая 06;2;
Заглушка д/розеток 01ИР.767.556.015;1;
Коробка 4х рожковая черная;24;
Коробка монтажная 4х рожков.;9,5;
Коробка разв. 4 рожк;11;
Коробка разветв. без ушек;11,5;
Коробка расп. скрыт. устан. д/полых стен с мет. заж;18;
Коробка распред. 3х рожковая;8,5;
Коробка распред. Тальменка;6;
Лампа паяльная 1,5л;400;
Лампа паяльная 2л;495;
Лампочка д/холодильника;11,5;
Пакетник 10А;34;
"Пакетник автом. ""Щит"" 16А /12*";34;
"Пакетник автом. ""Щит"" 25А /12*";33;
"Пакетник автом ""Щит"" 32А";34;
Переходник Азия-Европа Смоленск;7;
Переходник Велл-Конт;8,5;
Переходник Токер 16А;9,5;
"Переходник-адаптор ""Техник""";8;
Пробка керамическая 10А Е27;9,5;
Пробка предохр. ПАР-10;53;
Пробка предохр. ПАР-16;82;
Пробка предохр. ПАР-25;128;
Рамка 2х местная;30;
Рамка 3х местная;37,5;
Рамка 4х местная;48;
Стартер Phoenix 220В/25*;4,5;
Стартер Мастер-Свет 127В/50*;5;
Телефонная вилка (универс.) Фармек;17;
Телефонная розетка (универс.) Фармек;18;
Телефонная розетка Альфа;41,6;
Тен д/плиты Россиянка;71;
Тен для плиты Мечта;193;
Тройник евро РВ 6-003 (Смоленск);11;
Тройник карбол.;22;
Тройник с з/к 16А;28;
Фонарик 3д;50;
Фонарик 3д;30;
Фонарик 4д аккум.;97;
Фонарик 5д;65;
Фонарик7д;64;
Фонарик 9д;60;
Фонарик алюм.;199;
Фонарик БЛ 1032 1;283;
Фонарь 15д аккум.;180;
Фонарь лампа 12д;137;
Шнур д/светильника с прох. выкл.;55;
Шнур д/утюга;58;
Шнур д/чайника 1,7м;83;
Шнур телеф. витой 2 м (для трубки);15;
Шнур телеф. витой 4,5 м (для трубки);21;
Шнур телефонный 10м;38;
Шнур телефонный 15м;55;
Шнур телефонный 3м;15;
Шнур телефонный 5 м.;24;
Шнур телефонный 7 м.;29;
Штекер антен. металл гнездо/100*;5;
Штекер антен. угловой большой без пайки;6;
Штекер антенный без пайки;4;
Штекер металл;8;
Электрокипятильник 0,5 кВт;76,5;
Электрокипятильник 0,7кВт;77;
Электрокипятильник 1,2кВт;81;
Электрокипятильник 1.5 кВатт;84;
Электрокипятильник 2000Вт;98;
Электролампа энергосбер. Эталон 15В;52;
Электролампа энергосбер. Эталон 25В;60;
Электролампа энергосберег. 12 Е14;79,5;
Электролампа энергосберег. 13 Е27;83;
Электролампа энергосберег.15;89;
Электролампа энергосберег. ЛН 20;100;
Электролампа энергосберег. ЛН 26;130;
Электролампа энергосберег. ЛН 30;150;
Электролампочка 40Вт/144*;7,6;
Электролампочка 60Вт/144*;7,6;
Электролампочка 75Вт./144*;7,6;
Электролампочка 95Вт/144;7,6;
Электролампочка Ветта 20Вт;77;
Электролампочка Ветта 25 Вт;80;
Электролампочка Ветта 9 Вт Е14;70;
Электролампочка Ветта 9 Вт Е14 без упаковки;40;
Электролампочка Е14 60 Вт свеча/168*;9,5;
Электролампочка Е27 60 Вт свеча/*;9,5;
Электролампочка Е27  60Вт свеча;9,5;
Электролампочка свеча витая 60Вт  Е14;9,5;
Электролампочка свеча витая 60Вт Е27;9,5;
Электропатрон люстровый Е-27Н10;25;
Электропатрон настенный Ливны;20,5;
Электропатрон подвесной;17;
Электропатрон потолочный;14,5;
Электропатрон потолочный (Ливны);21,5;
;;
